file,line,type,commit,author,date,time,timezone,datetime,depth,length
style.css,1,css,96db125e,Shriya Pattapu,2025-04-10,23:19:48,-07:00,2025-04-10T23:19:48-07:00,0,6
style.css,2,css,96db125e,Shriya Pattapu,2025-04-10,23:19:48,-07:00,2025-04-10T23:19:48-07:00,0,64
style.css,3,css,96db125e,Shriya Pattapu,2025-04-10,23:19:48,-07:00,2025-04-10T23:19:48-07:00,0,85
style.css,4,css,96db125e,Shriya Pattapu,2025-04-10,23:19:48,-07:00,2025-04-10T23:19:48-07:00,0,0
style.css,5,css,b524f383,Shriya Pattapu,2025-04-16,20:34:30,-07:00,2025-04-16T20:34:30-07:00,0,5
style.css,6,css,b524f383,Shriya Pattapu,2025-04-16,20:34:30,-07:00,2025-04-16T20:34:30-07:00,0,24
style.css,7,css,b524f383,Shriya Pattapu,2025-04-16,20:34:30,-07:00,2025-04-16T20:34:30-07:00,0,0
style.css,8,css,e8dd3230,Shriya Pattapu,2025-04-02,20:28:03,-07:00,2025-04-02T20:28:03-07:00,0,5
style.css,9,css,96db125e,Shriya Pattapu,2025-04-10,23:19:48,-07:00,2025-04-10T23:19:48-07:00,0,16
style.css,10,css,96db125e,Shriya Pattapu,2025-04-10,23:19:48,-07:00,2025-04-10T23:19:48-07:00,0,19
style.css,11,css,96db125e,Shriya Pattapu,2025-04-10,23:19:48,-07:00,2025-04-10T23:19:48-07:00,0,13
style.css,12,css,96db125e,Shriya Pattapu,2025-04-10,23:19:48,-07:00,2025-04-10T23:19:48-07:00,0,24
style.css,13,css,96db125e,Shriya Pattapu,2025-04-10,23:19:48,-07:00,2025-04-10T23:19:48-07:00,0,0
style.css,14,css,96db125e,Shriya Pattapu,2025-04-10,23:19:48,-07:00,2025-04-10T23:19:48-07:00,0,4
style.css,15,css,96db125e,Shriya Pattapu,2025-04-10,23:19:48,-07:00,2025-04-10T23:19:48-07:00,0,13
style.css,16,css,b524f383,Shriya Pattapu,2025-04-16,20:34:30,-07:00,2025-04-16T20:34:30-07:00,0,39
style.css,17,css,b524f383,Shriya Pattapu,2025-04-16,20:34:30,-07:00,2025-04-16T20:34:30-07:00,0,72
style.css,18,css,96db125e,Shriya Pattapu,2025-04-10,23:19:48,-07:00,2025-04-10T23:19:48-07:00,0,0
style.css,19,css,b524f383,Shriya Pattapu,2025-04-16,20:34:30,-07:00,2025-04-16T20:34:30-07:00,0,0
style.css,20,css,b524f383,Shriya Pattapu,2025-04-16,20:34:30,-07:00,2025-04-16T20:34:30-07:00,0,18
style.css,21,css,b524f383,Shriya Pattapu,2025-04-16,20:34:30,-07:00,2025-04-16T20:34:30-07:00,0,18
style.css,22,css,b524f383,Shriya Pattapu,2025-04-16,20:34:30,-07:00,2025-04-16T20:34:30-07:00,0,54
style.css,23,css,b524f383,Shriya Pattapu,2025-04-16,20:34:30,-07:00,2025-04-16T20:34:30-07:00,0,58
style.css,24,css,b524f383,Shriya Pattapu,2025-04-16,20:34:30,-07:00,2025-04-16T20:34:30-07:00,0,49
style.css,25,css,b524f383,Shriya Pattapu,2025-04-16,20:34:30,-07:00,2025-04-16T20:34:30-07:00,0,67
style.css,26,css,b524f383,Shriya Pattapu,2025-04-16,20:34:30,-07:00,2025-04-16T20:34:30-07:00,0,0
style.css,27,css,96db125e,Shriya Pattapu,2025-04-10,23:19:48,-07:00,2025-04-10T23:19:48-07:00,0,6
style.css,28,css,96db125e,Shriya Pattapu,2025-04-10,23:19:48,-07:00,2025-04-10T23:19:48-07:00,0,7
style.css,29,css,96db125e,Shriya Pattapu,2025-04-10,23:19:48,-07:00,2025-04-10T23:19:48-07:00,0,21
style.css,30,css,96db125e,Shriya Pattapu,2025-04-10,23:19:48,-07:00,2025-04-10T23:19:48-07:00,0,14
style.css,31,css,96db125e,Shriya Pattapu,2025-04-10,23:19:48,-07:00,2025-04-10T23:19:48-07:00,0,18
style.css,32,css,96db125e,Shriya Pattapu,2025-04-10,23:19:48,-07:00,2025-04-10T23:19:48-07:00,0,15
style.css,33,css,96db125e,Shriya Pattapu,2025-04-10,23:19:48,-07:00,2025-04-10T23:19:48-07:00,0,19
style.css,34,css,b524f383,Shriya Pattapu,2025-04-16,20:34:30,-07:00,2025-04-16T20:34:30-07:00,0,44
style.css,35,css,96db125e,Shriya Pattapu,2025-04-10,23:19:48,-07:00,2025-04-10T23:19:48-07:00,0,0
style.css,36,css,96db125e,Shriya Pattapu,2025-04-10,23:19:48,-07:00,2025-04-10T23:19:48-07:00,0,14
style.css,37,css,b524f383,Shriya Pattapu,2025-04-16,20:34:30,-07:00,2025-04-16T20:34:30-07:00,0,46
style.css,38,css,96db125e,Shriya Pattapu,2025-04-10,23:19:48,-07:00,2025-04-10T23:19:48-07:00,0,21
style.css,39,css,96db125e,Shriya Pattapu,2025-04-10,23:19:48,-07:00,2025-04-10T23:19:48-07:00,0,17
style.css,40,css,96db125e,Shriya Pattapu,2025-04-10,23:19:48,-07:00,2025-04-10T23:19:48-07:00,0,0
style.css,41,css,96db125e,Shriya Pattapu,2025-04-10,23:19:48,-07:00,2025-04-10T23:19:48-07:00,0,12
style.css,42,css,b524f383,Shriya Pattapu,2025-04-16,20:34:30,-07:00,2025-04-16T20:34:30-07:00,0,41
style.css,43,css,96db125e,Shriya Pattapu,2025-04-10,23:19:48,-07:00,2025-04-10T23:19:48-07:00,0,46
style.css,44,css,96db125e,Shriya Pattapu,2025-04-10,23:19:48,-07:00,2025-04-10T23:19:48-07:00,0,21
style.css,45,css,96db125e,Shriya Pattapu,2025-04-10,23:19:48,-07:00,2025-04-10T23:19:48-07:00,0,0
style.css,46,css,96db125e,Shriya Pattapu,2025-04-10,23:19:48,-07:00,2025-04-10T23:19:48-07:00,0,4
style.css,47,css,96db125e,Shriya Pattapu,2025-04-10,23:19:48,-07:00,2025-04-10T23:19:48-07:00,0,13
style.css,48,css,96db125e,Shriya Pattapu,2025-04-10,23:19:48,-07:00,2025-04-10T23:19:48-07:00,0,31
style.css,49,css,96db125e,Shriya Pattapu,2025-04-10,23:19:48,-07:00,2025-04-10T23:19:48-07:00,0,8
style.css,50,css,96db125e,Shriya Pattapu,2025-04-10,23:19:48,-07:00,2025-04-10T23:19:48-07:00,0,0
style.css,51,css,96db125e,Shriya Pattapu,2025-04-10,23:19:48,-07:00,2025-04-10T23:19:48-07:00,0,5
style.css,52,css,96db125e,Shriya Pattapu,2025-04-10,23:19:48,-07:00,2025-04-10T23:19:48-07:00,0,13
style.css,53,css,96db125e,Shriya Pattapu,2025-04-10,23:19:48,-07:00,2025-04-10T23:19:48-07:00,0,30
style.css,54,css,96db125e,Shriya Pattapu,2025-04-10,23:19:48,-07:00,2025-04-10T23:19:48-07:00,0,19
style.css,55,css,96db125e,Shriya Pattapu,2025-04-10,23:19:48,-07:00,2025-04-10T23:19:48-07:00,0,0
style.css,56,css,96db125e,Shriya Pattapu,2025-04-10,23:19:48,-07:00,2025-04-10T23:19:48-07:00,0,6
style.css,57,css,96db125e,Shriya Pattapu,2025-04-10,23:19:48,-07:00,2025-04-10T23:19:48-07:00,0,19
style.css,58,css,96db125e,Shriya Pattapu,2025-04-10,23:19:48,-07:00,2025-04-10T23:19:48-07:00,0,0
style.css,59,css,96db125e,Shriya Pattapu,2025-04-10,23:19:48,-07:00,2025-04-10T23:19:48-07:00,0,9
style.css,60,css,96db125e,Shriya Pattapu,2025-04-10,23:19:48,-07:00,2025-04-10T23:19:48-07:00,0,13
style.css,61,css,96db125e,Shriya Pattapu,2025-04-10,23:19:48,-07:00,2025-04-10T23:19:48-07:00,0,58
style.css,62,css,96db125e,Shriya Pattapu,2025-04-10,23:19:48,-07:00,2025-04-10T23:19:48-07:00,0,10
style.css,63,css,96db125e,Shriya Pattapu,2025-04-10,23:19:48,-07:00,2025-04-10T23:19:48-07:00,0,0
style.css,64,css,96db125e,Shriya Pattapu,2025-04-10,23:19:48,-07:00,2025-04-10T23:19:48-07:00,0,17
style.css,65,css,96db125e,Shriya Pattapu,2025-04-10,23:19:48,-07:00,2025-04-10T23:19:48-07:00,0,13
style.css,66,css,96db125e,Shriya Pattapu,2025-04-10,23:19:48,-07:00,2025-04-10T23:19:48-07:00,0,27
style.css,67,css,96db125e,Shriya Pattapu,2025-04-10,23:19:48,-07:00,2025-04-10T23:19:48-07:00,0,16
style.css,68,css,96db125e,Shriya Pattapu,2025-04-10,23:19:48,-07:00,2025-04-10T23:19:48-07:00,0,0
style.css,69,css,96db125e,Shriya Pattapu,2025-04-10,23:19:48,-07:00,2025-04-10T23:19:48-07:00,0,13
style.css,70,css,96db125e,Shriya Pattapu,2025-04-10,23:19:48,-07:00,2025-04-10T23:19:48-07:00,0,9
style.css,71,css,96db125e,Shriya Pattapu,2025-04-10,23:19:48,-07:00,2025-04-10T23:19:48-07:00,0,0
style.css,72,css,96db125e,Shriya Pattapu,2025-04-10,23:19:48,-07:00,2025-04-10T23:19:48-07:00,0,3
style.css,73,css,96db125e,Shriya Pattapu,2025-04-10,23:19:48,-07:00,2025-04-10T23:19:48-07:00,0,15
style.css,74,css,96db125e,Shriya Pattapu,2025-04-10,23:19:48,-07:00,2025-04-10T23:19:48-07:00,0,0
style.css,75,css,96db125e,Shriya Pattapu,2025-04-10,23:19:48,-07:00,2025-04-10T23:19:48-07:00,0,23
style.css,76,css,96db125e,Shriya Pattapu,2025-04-10,23:19:48,-07:00,2025-04-10T23:19:48-07:00,0,16
style.css,77,css,96db125e,Shriya Pattapu,2025-04-10,23:19:48,-07:00,2025-04-10T23:19:48-07:00,0,18
style.css,78,css,96db125e,Shriya Pattapu,2025-04-10,23:19:48,-07:00,2025-04-10T23:19:48-07:00,0,0
style.css,79,css,96db125e,Shriya Pattapu,2025-04-10,23:19:48,-07:00,2025-04-10T23:19:48-07:00,0,6
style.css,80,css,96db125e,Shriya Pattapu,2025-04-10,23:19:48,-07:00,2025-04-10T23:19:48-07:00,0,13
style.css,81,css,96db125e,Shriya Pattapu,2025-04-10,23:19:48,-07:00,2025-04-10T23:19:48-07:00,0,23
style.css,82,css,96db125e,Shriya Pattapu,2025-04-10,23:19:48,-07:00,2025-04-10T23:19:48-07:00,0,8
style.css,83,css,96db125e,Shriya Pattapu,2025-04-10,23:19:48,-07:00,2025-04-10T23:19:48-07:00,0,18
style.css,84,css,96db125e,Shriya Pattapu,2025-04-10,23:19:48,-07:00,2025-04-10T23:19:48-07:00,0,0
style.css,85,css,96db125e,Shriya Pattapu,2025-04-10,23:19:48,-07:00,2025-04-10T23:19:48-07:00,0,12
style.css,86,css,96db125e,Shriya Pattapu,2025-04-10,23:19:48,-07:00,2025-04-10T23:19:48-07:00,0,12
style.css,87,css,96db125e,Shriya Pattapu,2025-04-10,23:19:48,-07:00,2025-04-10T23:19:48-07:00,0,12
style.css,88,css,96db125e,Shriya Pattapu,2025-04-10,23:19:48,-07:00,2025-04-10T23:19:48-07:00,0,20
style.css,89,css,96db125e,Shriya Pattapu,2025-04-10,23:19:48,-07:00,2025-04-10T23:19:48-07:00,0,17
style.css,90,css,96db125e,Shriya Pattapu,2025-04-10,23:19:48,-07:00,2025-04-10T23:19:48-07:00,0,0
style.css,91,css,96db125e,Shriya Pattapu,2025-04-10,23:19:48,-07:00,2025-04-10T23:19:48-07:00,0,22
style.css,92,css,96db125e,Shriya Pattapu,2025-04-10,23:19:48,-07:00,2025-04-10T23:19:48-07:00,0,16
style.css,93,css,96db125e,Shriya Pattapu,2025-04-10,23:19:48,-07:00,2025-04-10T23:19:48-07:00,0,0
style.css,94,css,96db125e,Shriya Pattapu,2025-04-10,23:19:48,-07:00,2025-04-10T23:19:48-07:00,0,8
style.css,95,css,96db125e,Shriya Pattapu,2025-04-10,23:19:48,-07:00,2025-04-10T23:19:48-07:00,0,13
style.css,96,css,96db125e,Shriya Pattapu,2025-04-10,23:19:48,-07:00,2025-04-10T23:19:48-07:00,0,23
style.css,97,css,96db125e,Shriya Pattapu,2025-04-10,23:19:48,-07:00,2025-04-10T23:19:48-07:00,0,8
style.css,98,css,96db125e,Shriya Pattapu,2025-04-10,23:19:48,-07:00,2025-04-10T23:19:48-07:00,0,18
style.css,99,css,96db125e,Shriya Pattapu,2025-04-10,23:19:48,-07:00,2025-04-10T23:19:48-07:00,0,0
style.css,100,css,96db125e,Shriya Pattapu,2025-04-10,23:19:48,-07:00,2025-04-10T23:19:48-07:00,0,15
style.css,101,css,606cab62,Shriya Pattapu,2025-04-25,23:13:22,-07:00,2025-04-25T23:13:22-07:00,0,12
style.css,102,css,96db125e,Shriya Pattapu,2025-04-10,23:19:48,-07:00,2025-04-10T23:19:48-07:00,0,12
style.css,103,css,a6d2faa0,Shriya Pattapu,2025-05-03,10:22:24,-07:00,2025-05-03T10:22:24-07:00,0,18
style.css,104,css,96db125e,Shriya Pattapu,2025-04-10,23:19:48,-07:00,2025-04-10T23:19:48-07:00,0,17
style.css,105,css,96db125e,Shriya Pattapu,2025-04-10,23:19:48,-07:00,2025-04-10T23:19:48-07:00,0,0
style.css,106,css,96db125e,Shriya Pattapu,2025-04-10,23:19:48,-07:00,2025-04-10T23:19:48-07:00,0,17
style.css,107,css,96db125e,Shriya Pattapu,2025-04-10,23:19:48,-07:00,2025-04-10T23:19:48-07:00,0,16
style.css,108,css,e939b711,Shriya Pattapu,2025-04-25,22:27:56,-07:00,2025-04-25T22:27:56-07:00,0,0
style.css,109,css,e939b711,Shriya Pattapu,2025-04-25,22:27:56,-07:00,2025-04-25T22:27:56-07:00,0,14
style.css,110,css,e939b711,Shriya Pattapu,2025-04-25,22:27:56,-07:00,2025-04-25T22:27:56-07:00,0,13
style.css,111,css,e939b711,Shriya Pattapu,2025-04-25,22:27:56,-07:00,2025-04-25T22:27:56-07:00,0,59
style.css,112,css,e939b711,Shriya Pattapu,2025-04-25,22:27:56,-07:00,2025-04-25T22:27:56-07:00,0,9
style.css,113,css,e939b711,Shriya Pattapu,2025-04-25,22:27:56,-07:00,2025-04-25T22:27:56-07:00,0,16
style.css,114,css,e939b711,Shriya Pattapu,2025-04-25,22:27:56,-07:00,2025-04-25T22:27:56-07:00,0,18
style.css,115,css,e939b711,Shriya Pattapu,2025-04-25,22:27:56,-07:00,2025-04-25T22:27:56-07:00,0,0
style.css,116,css,e939b711,Shriya Pattapu,2025-04-25,22:27:56,-07:00,2025-04-25T22:27:56-07:00,0,0
style.css,117,css,e939b711,Shriya Pattapu,2025-04-25,22:27:56,-07:00,2025-04-25T22:27:56-07:00,0,14
style.css,118,css,e939b711,Shriya Pattapu,2025-04-25,22:27:56,-07:00,2025-04-25T22:27:56-07:00,0,11
style.css,119,css,e939b711,Shriya Pattapu,2025-04-25,22:27:56,-07:00,2025-04-25T22:27:56-07:00,0,0
style.css,120,css,e939b711,Shriya Pattapu,2025-04-25,22:27:56,-07:00,2025-04-25T22:27:56-07:00,0,0
style.css,121,css,e939b711,Shriya Pattapu,2025-04-25,22:27:56,-07:00,2025-04-25T22:27:56-07:00,0,14
style.css,122,css,e939b711,Shriya Pattapu,2025-04-25,22:27:56,-07:00,2025-04-25T22:27:56-07:00,0,9
style.css,123,css,e939b711,Shriya Pattapu,2025-04-25,22:27:56,-07:00,2025-04-25T22:27:56-07:00,0,11
style.css,124,css,e939b711,Shriya Pattapu,2025-04-25,22:27:56,-07:00,2025-04-25T22:27:56-07:00,0,15
style.css,125,css,e939b711,Shriya Pattapu,2025-04-25,22:27:56,-07:00,2025-04-25T22:27:56-07:00,0,0
style.css,126,css,e939b711,Shriya Pattapu,2025-04-25,22:27:56,-07:00,2025-04-25T22:27:56-07:00,0,10
style.css,127,css,e939b711,Shriya Pattapu,2025-04-25,22:27:56,-07:00,2025-04-25T22:27:56-07:00,0,13
style.css,128,css,e939b711,Shriya Pattapu,2025-04-25,22:27:56,-07:00,2025-04-25T22:27:56-07:00,0,59
style.css,129,css,e939b711,Shriya Pattapu,2025-04-25,22:27:56,-07:00,2025-04-25T22:27:56-07:00,0,9
style.css,130,css,e939b711,Shriya Pattapu,2025-04-25,22:27:56,-07:00,2025-04-25T22:27:56-07:00,0,21
style.css,131,css,e939b711,Shriya Pattapu,2025-04-25,22:27:56,-07:00,2025-04-25T22:27:56-07:00,0,0
style.css,132,css,e939b711,Shriya Pattapu,2025-04-25,22:27:56,-07:00,2025-04-25T22:27:56-07:00,0,0
style.css,133,css,e939b711,Shriya Pattapu,2025-04-25,22:27:56,-07:00,2025-04-25T22:27:56-07:00,0,14
style.css,134,css,e939b711,Shriya Pattapu,2025-04-25,22:27:56,-07:00,2025-04-25T22:27:56-07:00,0,11
style.css,135,css,e939b711,Shriya Pattapu,2025-04-25,22:27:56,-07:00,2025-04-25T22:27:56-07:00,0,13
style.css,136,css,e939b711,Shriya Pattapu,2025-04-25,22:27:56,-07:00,2025-04-25T22:27:56-07:00,0,17
style.css,137,css,e939b711,Shriya Pattapu,2025-04-25,22:27:56,-07:00,2025-04-25T22:27:56-07:00,0,21
style.css,138,css,e939b711,Shriya Pattapu,2025-04-25,22:27:56,-07:00,2025-04-25T22:27:56-07:00,0,53
style.css,139,css,e939b711,Shriya Pattapu,2025-04-25,22:27:56,-07:00,2025-04-25T22:27:56-07:00,0,14
style.css,140,css,e939b711,Shriya Pattapu,2025-04-25,22:27:56,-07:00,2025-04-25T22:27:56-07:00,0,0
style.css,141,css,e939b711,Shriya Pattapu,2025-04-25,22:27:56,-07:00,2025-04-25T22:27:56-07:00,0,0
style.css,142,css,e939b711,Shriya Pattapu,2025-04-25,22:27:56,-07:00,2025-04-25T22:27:56-07:00,0,20
style.css,143,css,e939b711,Shriya Pattapu,2025-04-25,22:27:56,-07:00,2025-04-25T22:27:56-07:00,0,39
style.css,144,css,e939b711,Shriya Pattapu,2025-04-25,22:27:56,-07:00,2025-04-25T22:27:56-07:00,0,41
style.css,145,css,bf64b403,Shriya Pattapu,2025-05-03,00:24:37,-07:00,2025-05-03T00:24:37-07:00,0,0
style.css,146,css,bf64b403,Shriya Pattapu,2025-05-03,00:24:37,-07:00,2025-05-03T00:24:37-07:00,0,19
style.css,147,css,bf64b403,Shriya Pattapu,2025-05-03,00:24:37,-07:00,2025-05-03T00:24:37-07:00,0,15
style.css,148,css,bf64b403,Shriya Pattapu,2025-05-03,00:24:37,-07:00,2025-05-03T00:24:37-07:00,0,17
style.css,149,css,bf64b403,Shriya Pattapu,2025-05-03,00:24:37,-07:00,2025-05-03T00:24:37-07:00,0,17
style.css,150,css,bf64b403,Shriya Pattapu,2025-05-03,00:24:37,-07:00,2025-05-03T00:24:37-07:00,0,0
style.css,151,css,bf64b403,Shriya Pattapu,2025-05-03,00:24:37,-07:00,2025-05-03T00:24:37-07:00,0,24
style.css,152,css,bf64b403,Shriya Pattapu,2025-05-03,00:24:37,-07:00,2025-05-03T00:24:37-07:00,0,17
style.css,153,css,bf64b403,Shriya Pattapu,2025-05-03,00:24:37,-07:00,2025-05-03T00:24:37-07:00,0,0
style.css,154,css,bf64b403,Shriya Pattapu,2025-05-03,00:24:37,-07:00,2025-05-03T00:24:37-07:00,0,52
style.css,155,css,bf64b403,Shriya Pattapu,2025-05-03,00:24:37,-07:00,2025-05-03T00:24:37-07:00,0,12
style.css,156,css,bf64b403,Shriya Pattapu,2025-05-03,00:24:37,-07:00,2025-05-03T00:24:37-07:00,0,0
style.css,157,css,bf64b403,Shriya Pattapu,2025-05-03,00:24:37,-07:00,2025-05-03T00:24:37-07:00,0,10
style.css,158,css,6fca2621,Shriya Pattapu,2025-05-03,00:31:13,-07:00,2025-05-03T00:31:13-07:00,0,87
style.css,159,css,bf64b403,Shriya Pattapu,2025-05-03,00:24:37,-07:00,2025-05-03T00:24:37-07:00,0,0
style.css,160,css,bf64b403,Shriya Pattapu,2025-05-03,00:24:37,-07:00,2025-05-03T00:24:37-07:00,0,14
style.css,161,css,bf64b403,Shriya Pattapu,2025-05-03,00:24:37,-07:00,2025-05-03T00:24:37-07:00,0,21
style.css,162,css,bf64b403,Shriya Pattapu,2025-05-03,00:24:37,-07:00,2025-05-03T00:24:37-07:00,0,0
style.css,163,css,bf64b403,Shriya Pattapu,2025-05-03,00:24:37,-07:00,2025-05-03T00:24:37-07:00,0,5
style.css,164,css,bf64b403,Shriya Pattapu,2025-05-03,00:24:37,-07:00,2025-05-03T00:24:37-07:00,0,18
style.css,165,css,bf64b403,Shriya Pattapu,2025-05-03,00:24:37,-07:00,2025-05-03T00:24:37-07:00,0,15
style.css,166,css,bf64b403,Shriya Pattapu,2025-05-03,00:24:37,-07:00,2025-05-03T00:24:37-07:00,0,26
style.css,167,css,bf64b403,Shriya Pattapu,2025-05-03,00:24:37,-07:00,2025-05-03T00:24:37-07:00,0,0
style.css,168,css,bf64b403,Shriya Pattapu,2025-05-03,00:24:37,-07:00,2025-05-03T00:24:37-07:00,0,8
style.css,169,css,bf64b403,Shriya Pattapu,2025-05-03,00:24:37,-07:00,2025-05-03T00:24:37-07:00,0,49
style.css,170,css,bf64b403,Shriya Pattapu,2025-05-03,00:24:37,-07:00,2025-05-03T00:24:37-07:00,0,50
style.css,171,css,bf64b403,Shriya Pattapu,2025-05-03,00:24:37,-07:00,2025-05-03T00:24:37-07:00,0,81
style.css,172,css,bf64b403,Shriya Pattapu,2025-05-03,00:24:37,-07:00,2025-05-03T00:24:37-07:00,0,62
style.css,173,css,bf64b403,Shriya Pattapu,2025-05-03,00:24:37,-07:00,2025-05-03T00:24:37-07:00,0,85
style.css,174,css,bf64b403,Shriya Pattapu,2025-05-03,00:24:37,-07:00,2025-05-03T00:24:37-07:00,0,71
style.css,175,css,bf64b403,Shriya Pattapu,2025-05-03,00:24:37,-07:00,2025-05-03T00:24:37-07:00,0,65
style.css,176,css,bf64b403,Shriya Pattapu,2025-05-03,00:24:37,-07:00,2025-05-03T00:24:37-07:00,0,0
style.css,177,css,bf64b403,Shriya Pattapu,2025-05-03,00:24:37,-07:00,2025-05-03T00:24:37-07:00,0,21
style.css,178,css,bf64b403,Shriya Pattapu,2025-05-03,00:24:37,-07:00,2025-05-03T00:24:37-07:00,0,30
style.css,179,css,bf64b403,Shriya Pattapu,2025-05-03,00:24:37,-07:00,2025-05-03T00:24:37-07:00,0,0
style.css,180,css,bf64b403,Shriya Pattapu,2025-05-03,00:24:37,-07:00,2025-05-03T00:24:37-07:00,0,8
style.css,181,css,bf64b403,Shriya Pattapu,2025-05-03,00:24:37,-07:00,2025-05-03T00:24:37-07:00,0,7
style.css,182,css,bf64b403,Shriya Pattapu,2025-05-03,00:24:37,-07:00,2025-05-03T00:24:37-07:00,0,13
style.css,183,css,bf64b403,Shriya Pattapu,2025-05-03,00:24:37,-07:00,2025-05-03T00:24:37-07:00,0,58
style.css,184,css,bf64b403,Shriya Pattapu,2025-05-03,00:24:37,-07:00,2025-05-03T00:24:37-07:00,0,64
style.css,185,css,bf64b403,Shriya Pattapu,2025-05-03,00:24:37,-07:00,2025-05-03T00:24:37-07:00,0,16
style.css,186,css,bf64b403,Shriya Pattapu,2025-05-03,00:24:37,-07:00,2025-05-03T00:24:37-07:00,0,12
style.css,187,css,bf64b403,Shriya Pattapu,2025-05-03,00:24:37,-07:00,2025-05-03T00:24:37-07:00,0,9
style.css,188,css,bf64b403,Shriya Pattapu,2025-05-03,00:24:37,-07:00,2025-05-03T00:24:37-07:00,0,37
style.css,189,css,bf64b403,Shriya Pattapu,2025-05-03,00:24:37,-07:00,2025-05-03T00:24:37-07:00,0,0
style.css,190,css,bf64b403,Shriya Pattapu,2025-05-03,00:24:37,-07:00,2025-05-03T00:24:37-07:00,0,22
style.css,191,css,bf64b403,Shriya Pattapu,2025-05-03,00:24:37,-07:00,2025-05-03T00:24:37-07:00,0,10
style.css,192,css,bf64b403,Shriya Pattapu,2025-05-03,00:24:37,-07:00,2025-05-03T00:24:37-07:00,0,17
style.css,193,css,bf64b403,Shriya Pattapu,2025-05-03,00:24:37,-07:00,2025-05-03T00:24:37-07:00,0,0
style.css,194,css,bf64b403,Shriya Pattapu,2025-05-03,00:24:37,-07:00,2025-05-03T00:24:37-07:00,0,10
style.css,195,css,bf64b403,Shriya Pattapu,2025-05-03,00:24:37,-07:00,2025-05-03T00:24:37-07:00,0,13
style.css,196,css,bf64b403,Shriya Pattapu,2025-05-03,00:24:37,-07:00,2025-05-03T00:24:37-07:00,0,19
style.css,197,css,bf64b403,Shriya Pattapu,2025-05-03,00:24:37,-07:00,2025-05-03T00:24:37-07:00,0,10
style.css,198,css,bf64b403,Shriya Pattapu,2025-05-03,00:24:37,-07:00,2025-05-03T00:24:37-07:00,0,0
style.css,199,css,bf64b403,Shriya Pattapu,2025-05-03,00:24:37,-07:00,2025-05-03T00:24:37-07:00,0,11
style.css,200,css,bf64b403,Shriya Pattapu,2025-05-03,00:24:37,-07:00,2025-05-03T00:24:37-07:00,0,11
style.css,201,css,bf64b403,Shriya Pattapu,2025-05-03,00:24:37,-07:00,2025-05-03T00:24:37-07:00,0,32
style.css,202,css,bf64b403,Shriya Pattapu,2025-05-03,00:24:37,-07:00,2025-05-03T00:24:37-07:00,0,15
style.css,203,css,bf64b403,Shriya Pattapu,2025-05-03,00:24:37,-07:00,2025-05-03T00:24:37-07:00,0,17
style.css,204,css,bf64b403,Shriya Pattapu,2025-05-03,00:24:37,-07:00,2025-05-03T00:24:37-07:00,0,20
style.css,205,css,bf64b403,Shriya Pattapu,2025-05-03,00:24:37,-07:00,2025-05-03T00:24:37-07:00,0,22
style.css,206,css,bf64b403,Shriya Pattapu,2025-05-03,00:24:37,-07:00,2025-05-03T00:24:37-07:00,0,18
style.css,207,css,bf64b403,Shriya Pattapu,2025-05-03,00:24:37,-07:00,2025-05-03T00:24:37-07:00,0,96
style.css,208,css,bf64b403,Shriya Pattapu,2025-05-03,00:24:37,-07:00,2025-05-03T00:24:37-07:00,0,20
style.css,209,css,bf64b403,Shriya Pattapu,2025-05-03,00:24:37,-07:00,2025-05-03T00:24:37-07:00,0,37
style.css,210,css,bf64b403,Shriya Pattapu,2025-05-03,00:24:37,-07:00,2025-05-03T00:24:37-07:00,0,50
style.css,211,css,bf64b403,Shriya Pattapu,2025-05-03,00:24:37,-07:00,2025-05-03T00:24:37-07:00,0,0
project2.html,1,html,4fdd2a11,Shriya Pattapu,2025-04-29,21:18:47,-07:00,2025-04-29T21:18:47-07:00,0,21
project2.html,2,html,4fdd2a11,Shriya Pattapu,2025-04-29,21:18:47,-07:00,2025-04-29T21:18:47-07:00,0,30
project2.html,3,html,4fdd2a11,Shriya Pattapu,2025-04-29,21:18:47,-07:00,2025-04-29T21:18:47-07:00,0,6
project2.html,4,html,4fdd2a11,Shriya Pattapu,2025-04-29,21:18:47,-07:00,2025-04-29T21:18:47-07:00,0,6
project2.html,5,html,4fdd2a11,Shriya Pattapu,2025-04-29,21:18:47,-07:00,2025-04-29T21:18:47-07:00,0,36
project2.html,6,html,4fdd2a11,Shriya Pattapu,2025-04-29,21:18:47,-07:00,2025-04-29T21:18:47-07:00,0,36
project2.html,7,html,4fdd2a11,Shriya Pattapu,2025-04-29,21:18:47,-07:00,2025-04-29T21:18:47-07:00,0,36
project2.html,8,html,4fdd2a11,Shriya Pattapu,2025-04-29,21:18:47,-07:00,2025-04-29T21:18:47-07:00,0,36
project2.html,9,html,4fdd2a11,Shriya Pattapu,2025-04-29,21:18:47,-07:00,2025-04-29T21:18:47-07:00,0,36
project2.html,10,html,4fdd2a11,Shriya Pattapu,2025-04-29,21:18:47,-07:00,2025-04-29T21:18:47-07:00,0,36
project2.html,11,html,4fdd2a11,Shriya Pattapu,2025-04-29,21:18:47,-07:00,2025-04-29T21:18:47-07:00,0,36
project2.html,12,html,4fdd2a11,Shriya Pattapu,2025-04-29,21:18:47,-07:00,2025-04-29T21:18:47-07:00,0,36
project2.html,13,html,4fdd2a11,Shriya Pattapu,2025-04-29,21:18:47,-07:00,2025-04-29T21:18:47-07:00,0,36
project2.html,14,html,4fdd2a11,Shriya Pattapu,2025-04-29,21:18:47,-07:00,2025-04-29T21:18:47-07:00,0,36
project2.html,15,html,4fdd2a11,Shriya Pattapu,2025-04-29,21:18:47,-07:00,2025-04-29T21:18:47-07:00,0,0
project2.html,16,html,4fdd2a11,Shriya Pattapu,2025-04-29,21:18:47,-07:00,2025-04-29T21:18:47-07:00,0,0
project2.html,17,html,4fdd2a11,Shriya Pattapu,2025-04-29,21:18:47,-07:00,2025-04-29T21:18:47-07:00,0,5
project2.html,18,html,4fdd2a11,Shriya Pattapu,2025-04-29,21:18:47,-07:00,2025-04-29T21:18:47-07:00,0,24
project2.html,19,html,4fdd2a11,Shriya Pattapu,2025-04-29,21:18:47,-07:00,2025-04-29T21:18:47-07:00,0,21
project2.html,20,html,4fdd2a11,Shriya Pattapu,2025-04-29,21:18:47,-07:00,2025-04-29T21:18:47-07:00,0,35
project2.html,21,html,4fdd2a11,Shriya Pattapu,2025-04-29,21:18:47,-07:00,2025-04-29T21:18:47-07:00,0,26
project2.html,22,html,4fdd2a11,Shriya Pattapu,2025-04-29,21:18:47,-07:00,2025-04-29T21:18:47-07:00,0,14
project2.html,23,html,4fdd2a11,Shriya Pattapu,2025-04-29,21:18:47,-07:00,2025-04-29T21:18:47-07:00,0,0
project2.html,24,html,4fdd2a11,Shriya Pattapu,2025-04-29,21:18:47,-07:00,2025-04-29T21:18:47-07:00,0,0
project2.html,25,html,4fdd2a11,Shriya Pattapu,2025-04-29,21:18:47,-07:00,2025-04-29T21:18:47-07:00,0,13
project2.html,26,html,4fdd2a11,Shriya Pattapu,2025-04-29,21:18:47,-07:00,2025-04-29T21:18:47-07:00,0,0
project2.html,27,html,4fdd2a11,Shriya Pattapu,2025-04-29,21:18:47,-07:00,2025-04-29T21:18:47-07:00,0,2
project2.html,28,html,4fdd2a11,Shriya Pattapu,2025-04-29,21:18:47,-07:00,2025-04-29T21:18:47-07:00,0,2
project2.html,29,html,4fdd2a11,Shriya Pattapu,2025-04-29,21:18:47,-07:00,2025-04-29T21:18:47-07:00,0,2
project2.html,30,html,4fdd2a11,Shriya Pattapu,2025-04-29,21:18:47,-07:00,2025-04-29T21:18:47-07:00,0,2
project2.html,31,html,4fdd2a11,Shriya Pattapu,2025-04-29,21:18:47,-07:00,2025-04-29T21:18:47-07:00,0,2
project2.html,32,html,4fdd2a11,Shriya Pattapu,2025-04-29,21:18:47,-07:00,2025-04-29T21:18:47-07:00,0,3
project2.html,33,html,4fdd2a11,Shriya Pattapu,2025-04-29,21:18:47,-07:00,2025-04-29T21:18:47-07:00,0,16
project2.html,34,html,4fdd2a11,Shriya Pattapu,2025-04-29,21:18:47,-07:00,2025-04-29T21:18:47-07:00,0,16
project2.html,35,html,4fdd2a11,Shriya Pattapu,2025-04-29,21:18:47,-07:00,2025-04-29T21:18:47-07:00,0,18
project2.html,36,html,4fdd2a11,Shriya Pattapu,2025-04-29,21:18:47,-07:00,2025-04-29T21:18:47-07:00,0,0
project2.html,37,html,4fdd2a11,Shriya Pattapu,2025-04-29,21:18:47,-07:00,2025-04-29T21:18:47-07:00,0,0
project2.html,38,html,4fdd2a11,Shriya Pattapu,2025-04-29,21:18:47,-07:00,2025-04-29T21:18:47-07:00,0,2
project2.html,39,html,4fdd2a11,Shriya Pattapu,2025-04-29,21:18:47,-07:00,2025-04-29T21:18:47-07:00,0,3
project2.html,40,html,4fdd2a11,Shriya Pattapu,2025-04-29,21:18:47,-07:00,2025-04-29T21:18:47-07:00,0,48
project2.html,41,html,4fdd2a11,Shriya Pattapu,2025-04-29,21:18:47,-07:00,2025-04-29T21:18:47-07:00,0,21
project2.html,42,html,4fdd2a11,Shriya Pattapu,2025-04-29,21:18:47,-07:00,2025-04-29T21:18:47-07:00,0,0
project2.html,43,html,4fdd2a11,Shriya Pattapu,2025-04-29,21:18:47,-07:00,2025-04-29T21:18:47-07:00,0,0
project2.html,44,html,4fdd2a11,Shriya Pattapu,2025-04-29,21:18:47,-07:00,2025-04-29T21:18:47-07:00,0,3
project2.html,45,html,4fdd2a11,Shriya Pattapu,2025-04-29,21:18:47,-07:00,2025-04-29T21:18:47-07:00,0,24
project2.html,46,html,4fdd2a11,Shriya Pattapu,2025-04-29,21:18:47,-07:00,2025-04-29T21:18:47-07:00,0,49
project2.html,47,html,4fdd2a11,Shriya Pattapu,2025-04-29,21:18:47,-07:00,2025-04-29T21:18:47-07:00,0,16
project2.html,48,html,4fdd2a11,Shriya Pattapu,2025-04-29,21:18:47,-07:00,2025-04-29T21:18:47-07:00,0,0
project2.html,49,html,4fdd2a11,Shriya Pattapu,2025-04-29,21:18:47,-07:00,2025-04-29T21:18:47-07:00,0,6
project2.html,50,html,4fdd2a11,Shriya Pattapu,2025-04-29,21:18:47,-07:00,2025-04-29T21:18:47-07:00,0,14
project2.html,51,html,4fdd2a11,Shriya Pattapu,2025-04-29,21:18:47,-07:00,2025-04-29T21:18:47-07:00,0,18
project2.html,52,html,4fdd2a11,Shriya Pattapu,2025-04-29,21:18:47,-07:00,2025-04-29T21:18:47-07:00,0,20
project2.html,53,html,4fdd2a11,Shriya Pattapu,2025-04-29,21:18:47,-07:00,2025-04-29T21:18:47-07:00,0,19
project2.html,54,html,4fdd2a11,Shriya Pattapu,2025-04-29,21:18:47,-07:00,2025-04-29T21:18:47-07:00,0,12
project2.html,55,html,4fdd2a11,Shriya Pattapu,2025-04-29,21:18:47,-07:00,2025-04-29T21:18:47-07:00,0,35
project2.html,56,html,4fdd2a11,Shriya Pattapu,2025-04-29,21:18:47,-07:00,2025-04-29T21:18:47-07:00,0,14
project2.html,57,html,4fdd2a11,Shriya Pattapu,2025-04-29,21:18:47,-07:00,2025-04-29T21:18:47-07:00,0,25
project2.html,58,html,4fdd2a11,Shriya Pattapu,2025-04-29,21:18:47,-07:00,2025-04-29T21:18:47-07:00,0,19
project2.html,59,html,4fdd2a11,Shriya Pattapu,2025-04-29,21:18:47,-07:00,2025-04-29T21:18:47-07:00,0,0
project2.html,60,html,4fdd2a11,Shriya Pattapu,2025-04-29,21:18:47,-07:00,2025-04-29T21:18:47-07:00,0,0
project2.html,61,html,4fdd2a11,Shriya Pattapu,2025-04-29,21:18:47,-07:00,2025-04-29T21:18:47-07:00,0,0
project2.html,62,html,4fdd2a11,Shriya Pattapu,2025-04-29,21:18:47,-07:00,2025-04-29T21:18:47-07:00,0,3
project2.html,63,html,4fdd2a11,Shriya Pattapu,2025-04-29,21:18:47,-07:00,2025-04-29T21:18:47-07:00,0,15
project2.html,64,html,4fdd2a11,Shriya Pattapu,2025-04-29,21:18:47,-07:00,2025-04-29T21:18:47-07:00,0,30
project2.html,65,html,4fdd2a11,Shriya Pattapu,2025-04-29,21:18:47,-07:00,2025-04-29T21:18:47-07:00,0,0
project2.html,66,html,4fdd2a11,Shriya Pattapu,2025-04-29,21:18:47,-07:00,2025-04-29T21:18:47-07:00,0,0
project2.html,67,html,4fdd2a11,Shriya Pattapu,2025-04-29,21:18:47,-07:00,2025-04-29T21:18:47-07:00,0,3
project2.html,68,html,4fdd2a11,Shriya Pattapu,2025-04-29,21:18:47,-07:00,2025-04-29T21:18:47-07:00,0,15
project2.html,69,html,4fdd2a11,Shriya Pattapu,2025-04-29,21:18:47,-07:00,2025-04-29T21:18:47-07:00,0,0
project2.html,70,html,4fdd2a11,Shriya Pattapu,2025-04-29,21:18:47,-07:00,2025-04-29T21:18:47-07:00,0,0
project2.html,71,html,4fdd2a11,Shriya Pattapu,2025-04-29,21:18:47,-07:00,2025-04-29T21:18:47-07:00,0,10
project2.html,72,html,4fdd2a11,Shriya Pattapu,2025-04-29,21:18:47,-07:00,2025-04-29T21:18:47-07:00,0,0
project2.html,73,html,4fdd2a11,Shriya Pattapu,2025-04-29,21:18:47,-07:00,2025-04-29T21:18:47-07:00,0,2
project2.html,74,html,4fdd2a11,Shriya Pattapu,2025-04-29,21:18:47,-07:00,2025-04-29T21:18:47-07:00,0,3
project2.html,75,html,4fdd2a11,Shriya Pattapu,2025-04-29,21:18:47,-07:00,2025-04-29T21:18:47-07:00,0,25
project2.html,76,html,4fdd2a11,Shriya Pattapu,2025-04-29,21:18:47,-07:00,2025-04-29T21:18:47-07:00,0,0
project2.html,77,html,4fdd2a11,Shriya Pattapu,2025-04-29,21:18:47,-07:00,2025-04-29T21:18:47-07:00,0,0
project2.html,78,html,4fdd2a11,Shriya Pattapu,2025-04-29,21:18:47,-07:00,2025-04-29T21:18:47-07:00,0,3
project2.html,79,html,4fdd2a11,Shriya Pattapu,2025-04-29,21:18:47,-07:00,2025-04-29T21:18:47-07:00,0,10
project2.html,80,html,4fdd2a11,Shriya Pattapu,2025-04-29,21:18:47,-07:00,2025-04-29T21:18:47-07:00,0,30
project2.html,81,html,4fdd2a11,Shriya Pattapu,2025-04-29,21:18:47,-07:00,2025-04-29T21:18:47-07:00,0,0
project2.html,82,html,4fdd2a11,Shriya Pattapu,2025-04-29,21:18:47,-07:00,2025-04-29T21:18:47-07:00,0,0
project2.html,83,html,4fdd2a11,Shriya Pattapu,2025-04-29,21:18:47,-07:00,2025-04-29T21:18:47-07:00,0,5
project2.html,84,html,4fdd2a11,Shriya Pattapu,2025-04-29,21:18:47,-07:00,2025-04-29T21:18:47-07:00,0,17
project2.html,85,html,4fdd2a11,Shriya Pattapu,2025-04-29,21:18:47,-07:00,2025-04-29T21:18:47-07:00,0,0
project2.html,86,html,4fdd2a11,Shriya Pattapu,2025-04-29,21:18:47,-07:00,2025-04-29T21:18:47-07:00,0,0
project2.html,87,html,4fdd2a11,Shriya Pattapu,2025-04-29,21:18:47,-07:00,2025-04-29T21:18:47-07:00,0,0
project2.html,88,html,4fdd2a11,Shriya Pattapu,2025-04-29,21:18:47,-07:00,2025-04-29T21:18:47-07:00,0,24
project2.html,89,html,4fdd2a11,Shriya Pattapu,2025-04-29,21:18:47,-07:00,2025-04-29T21:18:47-07:00,0,0
project2.html,90,html,4fdd2a11,Shriya Pattapu,2025-04-29,21:18:47,-07:00,2025-04-29T21:18:47-07:00,0,7
project2.html,91,html,4fdd2a11,Shriya Pattapu,2025-04-29,21:18:47,-07:00,2025-04-29T21:18:47-07:00,0,18
project2.html,92,html,4fdd2a11,Shriya Pattapu,2025-04-29,21:18:47,-07:00,2025-04-29T21:18:47-07:00,0,18
project2.html,93,html,4fdd2a11,Shriya Pattapu,2025-04-29,21:18:47,-07:00,2025-04-29T21:18:47-07:00,0,0
project2.html,94,html,4fdd2a11,Shriya Pattapu,2025-04-29,21:18:47,-07:00,2025-04-29T21:18:47-07:00,0,0
project2.html,95,html,4fdd2a11,Shriya Pattapu,2025-04-29,21:18:47,-07:00,2025-04-29T21:18:47-07:00,0,5
project2.html,96,html,4fdd2a11,Shriya Pattapu,2025-04-29,21:18:47,-07:00,2025-04-29T21:18:47-07:00,0,17
project2.html,97,html,4fdd2a11,Shriya Pattapu,2025-04-29,21:18:47,-07:00,2025-04-29T21:18:47-07:00,0,30
project2.html,98,html,4fdd2a11,Shriya Pattapu,2025-04-29,21:18:47,-07:00,2025-04-29T21:18:47-07:00,0,19
project2.html,99,html,4fdd2a11,Shriya Pattapu,2025-04-29,21:18:47,-07:00,2025-04-29T21:18:47-07:00,0,20
project2.html,100,html,4fdd2a11,Shriya Pattapu,2025-04-29,21:18:47,-07:00,2025-04-29T21:18:47-07:00,0,0
project2.html,101,html,4fdd2a11,Shriya Pattapu,2025-04-29,21:18:47,-07:00,2025-04-29T21:18:47-07:00,0,0
project2.html,102,html,4fdd2a11,Shriya Pattapu,2025-04-29,21:18:47,-07:00,2025-04-29T21:18:47-07:00,0,12
project2.html,103,html,4fdd2a11,Shriya Pattapu,2025-04-29,21:18:47,-07:00,2025-04-29T21:18:47-07:00,0,0
project2.html,104,html,4fdd2a11,Shriya Pattapu,2025-04-29,21:18:47,-07:00,2025-04-29T21:18:47-07:00,0,7
project2.html,105,html,4fdd2a11,Shriya Pattapu,2025-04-29,21:18:47,-07:00,2025-04-29T21:18:47-07:00,0,13
project2.html,106,html,4fdd2a11,Shriya Pattapu,2025-04-29,21:18:47,-07:00,2025-04-29T21:18:47-07:00,0,15
project2.html,107,html,4fdd2a11,Shriya Pattapu,2025-04-29,21:18:47,-07:00,2025-04-29T21:18:47-07:00,0,21
project2.html,108,html,4fdd2a11,Shriya Pattapu,2025-04-29,21:18:47,-07:00,2025-04-29T21:18:47-07:00,0,41
project2.html,109,html,4fdd2a11,Shriya Pattapu,2025-04-29,21:18:47,-07:00,2025-04-29T21:18:47-07:00,0,49
project2.html,110,html,4fdd2a11,Shriya Pattapu,2025-04-29,21:18:47,-07:00,2025-04-29T21:18:47-07:00,0,18
project2.html,111,html,4fdd2a11,Shriya Pattapu,2025-04-29,21:18:47,-07:00,2025-04-29T21:18:47-07:00,0,17
project2.html,112,html,4fdd2a11,Shriya Pattapu,2025-04-29,21:18:47,-07:00,2025-04-29T21:18:47-07:00,0,0
project2.html,113,html,4fdd2a11,Shriya Pattapu,2025-04-29,21:18:47,-07:00,2025-04-29T21:18:47-07:00,0,13
project2.html,114,html,4fdd2a11,Shriya Pattapu,2025-04-29,21:18:47,-07:00,2025-04-29T21:18:47-07:00,0,30
project2.html,115,html,4fdd2a11,Shriya Pattapu,2025-04-29,21:18:47,-07:00,2025-04-29T21:18:47-07:00,0,35
project2.html,116,html,4fdd2a11,Shriya Pattapu,2025-04-29,21:18:47,-07:00,2025-04-29T21:18:47-07:00,0,15
project2.html,117,html,4fdd2a11,Shriya Pattapu,2025-04-29,21:18:47,-07:00,2025-04-29T21:18:47-07:00,0,15
project2.html,118,html,4fdd2a11,Shriya Pattapu,2025-04-29,21:18:47,-07:00,2025-04-29T21:18:47-07:00,0,18
project2.html,119,html,4fdd2a11,Shriya Pattapu,2025-04-29,21:18:47,-07:00,2025-04-29T21:18:47-07:00,0,25
project2.html,120,html,4fdd2a11,Shriya Pattapu,2025-04-29,21:18:47,-07:00,2025-04-29T21:18:47-07:00,0,16
project2.html,121,html,4fdd2a11,Shriya Pattapu,2025-04-29,21:18:47,-07:00,2025-04-29T21:18:47-07:00,0,0
project2.html,122,html,4fdd2a11,Shriya Pattapu,2025-04-29,21:18:47,-07:00,2025-04-29T21:18:47-07:00,0,10
project2.html,123,html,4fdd2a11,Shriya Pattapu,2025-04-29,21:18:47,-07:00,2025-04-29T21:18:47-07:00,0,39
project2.html,124,html,4fdd2a11,Shriya Pattapu,2025-04-29,21:18:47,-07:00,2025-04-29T21:18:47-07:00,0,17
project2.html,125,html,4fdd2a11,Shriya Pattapu,2025-04-29,21:18:47,-07:00,2025-04-29T21:18:47-07:00,0,30
project2.html,126,html,4fdd2a11,Shriya Pattapu,2025-04-29,21:18:47,-07:00,2025-04-29T21:18:47-07:00,0,0
project2.html,127,html,4fdd2a11,Shriya Pattapu,2025-04-29,21:18:47,-07:00,2025-04-29T21:18:47-07:00,0,0
project2.html,128,html,4fdd2a11,Shriya Pattapu,2025-04-29,21:18:47,-07:00,2025-04-29T21:18:47-07:00,0,31
project2.html,129,html,4fdd2a11,Shriya Pattapu,2025-04-29,21:18:47,-07:00,2025-04-29T21:18:47-07:00,0,14
project2.html,130,html,4fdd2a11,Shriya Pattapu,2025-04-29,21:18:47,-07:00,2025-04-29T21:18:47-07:00,0,26
project2.html,131,html,4fdd2a11,Shriya Pattapu,2025-04-29,21:18:47,-07:00,2025-04-29T21:18:47-07:00,0,32
project2.html,132,html,4fdd2a11,Shriya Pattapu,2025-04-29,21:18:47,-07:00,2025-04-29T21:18:47-07:00,0,6
project2.html,133,html,4fdd2a11,Shriya Pattapu,2025-04-29,21:18:47,-07:00,2025-04-29T21:18:47-07:00,0,12
project2.html,134,html,4fdd2a11,Shriya Pattapu,2025-04-29,21:18:47,-07:00,2025-04-29T21:18:47-07:00,0,14
project2.html,135,html,4fdd2a11,Shriya Pattapu,2025-04-29,21:18:47,-07:00,2025-04-29T21:18:47-07:00,0,1
project2.html,136,html,4fdd2a11,Shriya Pattapu,2025-04-29,21:18:47,-07:00,2025-04-29T21:18:47-07:00,0,0
project2.html,137,html,4fdd2a11,Shriya Pattapu,2025-04-29,21:18:47,-07:00,2025-04-29T21:18:47-07:00,0,0
project2.html,138,html,4fdd2a11,Shriya Pattapu,2025-04-29,21:18:47,-07:00,2025-04-29T21:18:47-07:00,0,0
project2.html,139,html,4fdd2a11,Shriya Pattapu,2025-04-29,21:18:47,-07:00,2025-04-29T21:18:47-07:00,0,7
project2.html,140,html,4fdd2a11,Shriya Pattapu,2025-04-29,21:18:47,-07:00,2025-04-29T21:18:47-07:00,0,136
project2.html,141,html,4fdd2a11,Shriya Pattapu,2025-04-29,21:18:47,-07:00,2025-04-29T21:18:47-07:00,0,0
project2.html,142,html,4fdd2a11,Shriya Pattapu,2025-04-29,21:18:47,-07:00,2025-04-29T21:18:47-07:00,0,5
project2.html,143,html,4fdd2a11,Shriya Pattapu,2025-04-29,21:18:47,-07:00,2025-04-29T21:18:47-07:00,0,7
project2.html,144,html,4fdd2a11,Shriya Pattapu,2025-04-29,21:18:47,-07:00,2025-04-29T21:18:47-07:00,0,3
project2.html,145,html,4fdd2a11,Shriya Pattapu,2025-04-29,21:18:47,-07:00,2025-04-29T21:18:47-07:00,0,26
project2.html,146,html,4fdd2a11,Shriya Pattapu,2025-04-29,21:18:47,-07:00,2025-04-29T21:18:47-07:00,0,37
project2.html,147,html,4fdd2a11,Shriya Pattapu,2025-04-29,21:18:47,-07:00,2025-04-29T21:18:47-07:00,0,4
project2.html,148,html,4fdd2a11,Shriya Pattapu,2025-04-29,21:18:47,-07:00,2025-04-29T21:18:47-07:00,0,0
project2.html,149,html,4fdd2a11,Shriya Pattapu,2025-04-29,21:18:47,-07:00,2025-04-29T21:18:47-07:00,0,66
project2.html,150,html,4fdd2a11,Shriya Pattapu,2025-04-29,21:18:47,-07:00,2025-04-29T21:18:47-07:00,0,8
project2.html,151,html,4fdd2a11,Shriya Pattapu,2025-04-29,21:18:47,-07:00,2025-04-29T21:18:47-07:00,0,0
project2.html,152,html,4fdd2a11,Shriya Pattapu,2025-04-29,21:18:47,-07:00,2025-04-29T21:18:47-07:00,0,5
project2.html,153,html,4fdd2a11,Shriya Pattapu,2025-04-29,21:18:47,-07:00,2025-04-29T21:18:47-07:00,0,169
project2.html,154,html,4fdd2a11,Shriya Pattapu,2025-04-29,21:18:47,-07:00,2025-04-29T21:18:47-07:00,0,0
project2.html,155,html,4fdd2a11,Shriya Pattapu,2025-04-29,21:18:47,-07:00,2025-04-29T21:18:47-07:00,0,8
project2.html,156,html,4fdd2a11,Shriya Pattapu,2025-04-29,21:18:47,-07:00,2025-04-29T21:18:47-07:00,0,27
project2.html,157,html,4fdd2a11,Shriya Pattapu,2025-04-29,21:18:47,-07:00,2025-04-29T21:18:47-07:00,0,0
project2.html,158,html,4fdd2a11,Shriya Pattapu,2025-04-29,21:18:47,-07:00,2025-04-29T21:18:47-07:00,0,7
project2.html,159,html,4fdd2a11,Shriya Pattapu,2025-04-29,21:18:47,-07:00,2025-04-29T21:18:47-07:00,0,189
project2.html,160,html,4fdd2a11,Shriya Pattapu,2025-04-29,21:18:47,-07:00,2025-04-29T21:18:47-07:00,0,125
project2.html,161,html,4fdd2a11,Shriya Pattapu,2025-04-29,21:18:47,-07:00,2025-04-29T21:18:47-07:00,0,8
project2.html,162,html,4fdd2a11,Shriya Pattapu,2025-04-29,21:18:47,-07:00,2025-04-29T21:18:47-07:00,0,0
project2.html,163,html,4fdd2a11,Shriya Pattapu,2025-04-29,21:18:47,-07:00,2025-04-29T21:18:47-07:00,0,37
project2.html,164,html,4fdd2a11,Shriya Pattapu,2025-04-29,21:18:47,-07:00,2025-04-29T21:18:47-07:00,0,0
project2.html,165,html,4fdd2a11,Shriya Pattapu,2025-04-29,21:18:47,-07:00,2025-04-29T21:18:47-07:00,0,3
project2.html,166,html,bf64b403,Shriya Pattapu,2025-05-03,00:24:37,-07:00,2025-05-03T00:24:37-07:00,0,302
project2.html,167,html,bf64b403,Shriya Pattapu,2025-05-03,00:24:37,-07:00,2025-05-03T00:24:37-07:00,0,374
project2.html,168,html,bf64b403,Shriya Pattapu,2025-05-03,00:24:37,-07:00,2025-05-03T00:24:37-07:00,0,678
project2.html,169,html,4fdd2a11,Shriya Pattapu,2025-04-29,21:18:47,-07:00,2025-04-29T21:18:47-07:00,0,4
project2.html,170,html,4fdd2a11,Shriya Pattapu,2025-04-29,21:18:47,-07:00,2025-04-29T21:18:47-07:00,0,9
project2.html,171,html,4fdd2a11,Shriya Pattapu,2025-04-29,21:18:47,-07:00,2025-04-29T21:18:47-07:00,0,0
project2.html,172,html,4fdd2a11,Shriya Pattapu,2025-04-29,21:18:47,-07:00,2025-04-29T21:18:47-07:00,0,8
project2.html,173,html,4fdd2a11,Shriya Pattapu,2025-04-29,21:18:47,-07:00,2025-04-29T21:18:47-07:00,0,31
project2.html,174,html,4fdd2a11,Shriya Pattapu,2025-04-29,21:18:47,-07:00,2025-04-29T21:18:47-07:00,0,0
project2.html,175,html,4fdd2a11,Shriya Pattapu,2025-04-29,21:18:47,-07:00,2025-04-29T21:18:47-07:00,0,7
project2.html,176,html,4fdd2a11,Shriya Pattapu,2025-04-29,21:18:47,-07:00,2025-04-29T21:18:47-07:00,0,189
project2.html,177,html,4fdd2a11,Shriya Pattapu,2025-04-29,21:18:47,-07:00,2025-04-29T21:18:47-07:00,0,143
project2.html,178,html,4fdd2a11,Shriya Pattapu,2025-04-29,21:18:47,-07:00,2025-04-29T21:18:47-07:00,0,8
project2.html,179,html,4fdd2a11,Shriya Pattapu,2025-04-29,21:18:47,-07:00,2025-04-29T21:18:47-07:00,0,0
project2.html,180,html,4fdd2a11,Shriya Pattapu,2025-04-29,21:18:47,-07:00,2025-04-29T21:18:47-07:00,0,37
project2.html,181,html,4fdd2a11,Shriya Pattapu,2025-04-29,21:18:47,-07:00,2025-04-29T21:18:47-07:00,0,0
project2.html,182,html,4fdd2a11,Shriya Pattapu,2025-04-29,21:18:47,-07:00,2025-04-29T21:18:47-07:00,0,3
project2.html,183,html,b648c03a,Shriya Pattapu,2025-04-29,22:49:47,-07:00,2025-04-29T22:49:47-07:00,0,519
project2.html,184,html,b648c03a,Shriya Pattapu,2025-04-29,22:49:47,-07:00,2025-04-29T22:49:47-07:00,0,344
project2.html,185,html,b648c03a,Shriya Pattapu,2025-04-29,22:49:47,-07:00,2025-04-29T22:49:47-07:00,0,303
project2.html,186,html,4fdd2a11,Shriya Pattapu,2025-04-29,21:18:47,-07:00,2025-04-29T21:18:47-07:00,0,4
project2.html,187,html,4fdd2a11,Shriya Pattapu,2025-04-29,21:18:47,-07:00,2025-04-29T21:18:47-07:00,0,9
project2.html,188,html,4fdd2a11,Shriya Pattapu,2025-04-29,21:18:47,-07:00,2025-04-29T21:18:47-07:00,0,0
project2.html,189,html,4fdd2a11,Shriya Pattapu,2025-04-29,21:18:47,-07:00,2025-04-29T21:18:47-07:00,0,8
project2.html,190,html,4fdd2a11,Shriya Pattapu,2025-04-29,21:18:47,-07:00,2025-04-29T21:18:47-07:00,0,24
project2.html,191,html,a57e402b,Shriya Pattapu,2025-04-30,11:22:41,-07:00,2025-04-30T11:22:41-07:00,0,945
project2.html,192,html,a57e402b,Shriya Pattapu,2025-04-30,11:22:41,-07:00,2025-04-30T11:22:41-07:00,0,995
project2.html,193,html,a57e402b,Shriya Pattapu,2025-04-30,11:22:41,-07:00,2025-04-30T11:22:41-07:00,0,3
project2.html,194,html,4fdd2a11,Shriya Pattapu,2025-04-29,21:18:47,-07:00,2025-04-29T21:18:47-07:00,0,9
project2.html,195,html,4fdd2a11,Shriya Pattapu,2025-04-29,21:18:47,-07:00,2025-04-29T21:18:47-07:00,0,6
project2.html,196,html,4fdd2a11,Shriya Pattapu,2025-04-29,21:18:47,-07:00,2025-04-29T21:18:47-07:00,0,0
project2.html,197,html,4fdd2a11,Shriya Pattapu,2025-04-29,21:18:47,-07:00,2025-04-29T21:18:47-07:00,0,0
project2.html,198,html,4fdd2a11,Shriya Pattapu,2025-04-29,21:18:47,-07:00,2025-04-29T21:18:47-07:00,0,13
index.js,1,js,e939b711,Shriya Pattapu,2025-04-25,22:27:56,-07:00,2025-04-25T22:27:56-07:00,0,71
index.js,2,js,e939b711,Shriya Pattapu,2025-04-25,22:27:56,-07:00,2025-04-25T22:27:56-07:00,0,55
index.js,3,js,e939b711,Shriya Pattapu,2025-04-25,22:27:56,-07:00,2025-04-25T22:27:56-07:00,0,43
index.js,4,js,e939b711,Shriya Pattapu,2025-04-25,22:27:56,-07:00,2025-04-25T22:27:56-07:00,0,61
index.js,5,js,e939b711,Shriya Pattapu,2025-04-25,22:27:56,-07:00,2025-04-25T22:27:56-07:00,0,55
index.js,6,js,e939b711,Shriya Pattapu,2025-04-25,22:27:56,-07:00,2025-04-25T22:27:56-07:00,0,53
index.js,7,js,e939b711,Shriya Pattapu,2025-04-25,22:27:56,-07:00,2025-04-25T22:27:56-07:00,0,61
index.js,8,js,e939b711,Shriya Pattapu,2025-04-25,22:27:56,-07:00,2025-04-25T22:27:56-07:00,0,18
index.js,9,js,e939b711,Shriya Pattapu,2025-04-25,22:27:56,-07:00,2025-04-25T22:27:56-07:00,0,25
index.js,10,js,e939b711,Shriya Pattapu,2025-04-25,22:27:56,-07:00,2025-04-25T22:27:56-07:00,0,3
index.js,11,js,e939b711,Shriya Pattapu,2025-04-25,22:27:56,-07:00,2025-04-25T22:27:56-07:00,0,56
index.js,12,js,e939b711,Shriya Pattapu,2025-04-25,22:27:56,-07:00,2025-04-25T22:27:56-07:00,0,56
index.js,13,js,e939b711,Shriya Pattapu,2025-04-25,22:27:56,-07:00,2025-04-25T22:27:56-07:00,0,50
index.js,14,js,e939b711,Shriya Pattapu,2025-04-25,22:27:56,-07:00,2025-04-25T22:27:56-07:00,0,50
index.js,15,js,e939b711,Shriya Pattapu,2025-04-25,22:27:56,-07:00,2025-04-25T22:27:56-07:00,0,4
index.js,16,js,e939b711,Shriya Pattapu,2025-04-25,22:27:56,-07:00,2025-04-25T22:27:56-07:00,0,1
index.js,17,js,e939b711,Shriya Pattapu,2025-04-25,22:27:56,-07:00,2025-04-25T22:27:56-07:00,0,0
index.html,1,html,31801af,Shriya Pattapu,2025-04-02,19:34:44,-07:00,2025-04-02T19:34:44-07:00,0,14
index.html,2,html,31801af,Shriya Pattapu,2025-04-02,19:34:44,-07:00,2025-04-02T19:34:44-07:00,0,15
index.html,3,html,31801af,Shriya Pattapu,2025-04-02,19:34:44,-07:00,2025-04-02T19:34:44-07:00,0,5
index.html,4,html,31801af,Shriya Pattapu,2025-04-02,19:34:44,-07:00,2025-04-02T19:34:44-07:00,0,21
index.html,5,html,31801af,Shriya Pattapu,2025-04-02,19:34:44,-07:00,2025-04-02T19:34:44-07:00,0,69
index.html,6,html,31801af,Shriya Pattapu,2025-04-02,19:34:44,-07:00,2025-04-02T19:34:44-07:00,0,58
index.html,7,html,f08d3d83,Shriya Pattapu,2025-04-16,18:33:07,-07:00,2025-04-16T18:33:07-07:00,0,46
index.html,8,html,6e0f2c2b,Shriya Pattapu,2025-04-02,21:57:17,-07:00,2025-04-02T21:57:17-07:00,0,39
index.html,9,html,31801af,Shriya Pattapu,2025-04-02,19:34:44,-07:00,2025-04-02T19:34:44-07:00,0,6
index.html,10,html,31801af,Shriya Pattapu,2025-04-02,19:34:44,-07:00,2025-04-02T19:34:44-07:00,0,5
index.html,11,html,9c566a34,Shriya Pattapu,2025-04-02,21:44:31,-07:00,2025-04-02T21:44:31-07:00,0,7
index.html,12,html,96db125e,Shriya Pattapu,2025-04-10,23:19:48,-07:00,2025-04-10T23:19:48-07:00,0,24
index.html,13,html,96db125e,Shriya Pattapu,2025-04-10,23:19:48,-07:00,2025-04-10T23:19:48-07:00,0,20
index.html,14,html,54b67fbd,Shriya Pattapu,2025-05-03,10:18:10,-07:00,2025-05-03T10:18:10-07:00,0,124
index.html,15,html,96db125e,Shriya Pattapu,2025-04-10,23:19:48,-07:00,2025-04-10T23:19:48-07:00,0,28
index.html,16,html,96db125e,Shriya Pattapu,2025-04-10,23:19:48,-07:00,2025-04-10T23:19:48-07:00,0,28
index.html,17,html,96db125e,Shriya Pattapu,2025-04-10,23:19:48,-07:00,2025-04-10T23:19:48-07:00,0,115
index.html,18,html,96db125e,Shriya Pattapu,2025-04-10,23:19:48,-07:00,2025-04-10T23:19:48-07:00,0,5
index.html,19,html,96db125e,Shriya Pattapu,2025-04-10,23:19:48,-07:00,2025-04-10T23:19:48-07:00,0,5
index.html,20,html,9c566a34,Shriya Pattapu,2025-04-02,21:44:31,-07:00,2025-04-02T21:44:31-07:00,0,8
index.html,21,html,e939b711,Shriya Pattapu,2025-04-25,22:27:56,-07:00,2025-04-25T22:27:56-07:00,0,8
index.html,22,html,e939b711,Shriya Pattapu,2025-04-25,22:27:56,-07:00,2025-04-25T22:27:56-07:00,0,27
index.html,23,html,e939b711,Shriya Pattapu,2025-04-25,22:27:56,-07:00,2025-04-25T22:27:56-07:00,0,9
index.html,24,html,750f880c,Shriya Pattapu,2025-04-25,23:35:19,-07:00,2025-04-25T23:35:19-07:00,0,8
index.html,25,html,750f880c,Shriya Pattapu,2025-04-25,23:35:19,-07:00,2025-04-25T23:35:19-07:00,0,20
index.html,26,html,750f880c,Shriya Pattapu,2025-04-25,23:35:19,-07:00,2025-04-25T23:35:19-07:00,0,47
index.html,27,html,750f880c,Shriya Pattapu,2025-04-25,23:35:19,-07:00,2025-04-25T23:35:19-07:00,0,9
index.html,28,html,e939b711,Shriya Pattapu,2025-04-25,22:27:56,-07:00,2025-04-25T22:27:56-07:00,0,51
index.html,29,html,31801af,Shriya Pattapu,2025-04-02,19:34:44,-07:00,2025-04-02T19:34:44-07:00,0,6
index.html,30,html,31801af,Shriya Pattapu,2025-04-02,19:34:44,-07:00,2025-04-02T19:34:44-07:00,0,6
global.js,1,js,8a639e1f,Shriya Pattapu,2025-04-16,18:28:52,-07:00,2025-04-16T18:28:52-07:00,0,0
global.js,2,js,8a639e1f,Shriya Pattapu,2025-04-16,18:28:52,-07:00,2025-04-16T18:28:52-07:00,0,42
global.js,3,js,8a639e1f,Shriya Pattapu,2025-04-16,18:28:52,-07:00,2025-04-16T18:28:52-07:00,0,53
global.js,4,js,8a639e1f,Shriya Pattapu,2025-04-16,18:28:52,-07:00,2025-04-16T18:28:52-07:00,0,0
global.js,5,js,b524f383,Shriya Pattapu,2025-04-16,20:34:30,-07:00,2025-04-16T20:34:30-07:00,0,0
global.js,6,js,b524f383,Shriya Pattapu,2025-04-16,20:34:30,-07:00,2025-04-16T20:34:30-07:00,0,32
global.js,7,js,b524f383,Shriya Pattapu,2025-04-16,20:34:30,-07:00,2025-04-16T20:34:30-07:00,0,12
global.js,8,js,b524f383,Shriya Pattapu,2025-04-16,20:34:30,-07:00,2025-04-16T20:34:30-07:00,0,0
global.js,9,js,b524f383,Shriya Pattapu,2025-04-16,20:34:30,-07:00,2025-04-16T20:34:30-07:00,0,27
global.js,10,js,b524f383,Shriya Pattapu,2025-04-16,20:34:30,-07:00,2025-04-16T20:34:30-07:00,0,5
global.js,11,js,b524f383,Shriya Pattapu,2025-04-16,20:34:30,-07:00,2025-04-16T20:34:30-07:00,0,7
global.js,12,js,b524f383,Shriya Pattapu,2025-04-16,20:34:30,-07:00,2025-04-16T20:34:30-07:00,0,44
global.js,13,js,b524f383,Shriya Pattapu,2025-04-16,20:34:30,-07:00,2025-04-16T20:34:30-07:00,0,35
global.js,14,js,b524f383,Shriya Pattapu,2025-04-16,20:34:30,-07:00,2025-04-16T20:34:30-07:00,0,33
global.js,15,js,b524f383,Shriya Pattapu,2025-04-16,20:34:30,-07:00,2025-04-16T20:34:30-07:00,0,8
global.js,16,js,b524f383,Shriya Pattapu,2025-04-16,20:34:30,-07:00,2025-04-16T20:34:30-07:00,0,9
global.js,17,js,b524f383,Shriya Pattapu,2025-04-16,20:34:30,-07:00,2025-04-16T20:34:30-07:00,0,1
global.js,18,js,605f4a7f,Shriya Pattapu,2025-04-16,20:42:34,-07:00,2025-04-16T20:42:34-07:00,0,0
global.js,19,js,b524f383,Shriya Pattapu,2025-04-16,20:34:30,-07:00,2025-04-16T20:34:30-07:00,0,66
global.js,20,js,b524f383,Shriya Pattapu,2025-04-16,20:34:30,-07:00,2025-04-16T20:34:30-07:00,0,50
global.js,21,js,b524f383,Shriya Pattapu,2025-04-16,20:34:30,-07:00,2025-04-16T20:34:30-07:00,0,58
global.js,22,js,b524f383,Shriya Pattapu,2025-04-16,20:34:30,-07:00,2025-04-16T20:34:30-07:00,0,78
global.js,23,js,b524f383,Shriya Pattapu,2025-04-16,20:34:30,-07:00,2025-04-16T20:34:30-07:00,0,45
global.js,24,js,b524f383,Shriya Pattapu,2025-04-16,20:34:30,-07:00,2025-04-16T20:34:30-07:00,0,2
global.js,25,js,605f4a7f,Shriya Pattapu,2025-04-16,20:42:34,-07:00,2025-04-16T20:42:34-07:00,0,0
global.js,26,js,b524f383,Shriya Pattapu,2025-04-16,20:34:30,-07:00,2025-04-16T20:34:30-07:00,0,29
global.js,27,js,b524f383,Shriya Pattapu,2025-04-16,20:34:30,-07:00,2025-04-16T20:34:30-07:00,0,44
global.js,28,js,b524f383,Shriya Pattapu,2025-04-16,20:34:30,-07:00,2025-04-16T20:34:30-07:00,0,71
global.js,29,js,b524f383,Shriya Pattapu,2025-04-16,20:34:30,-07:00,2025-04-16T20:34:30-07:00,0,26
global.js,30,js,b524f383,Shriya Pattapu,2025-04-16,20:34:30,-07:00,2025-04-16T20:34:30-07:00,0,7
global.js,31,js,b524f383,Shriya Pattapu,2025-04-16,20:34:30,-07:00,2025-04-16T20:34:30-07:00,0,72
global.js,32,js,b524f383,Shriya Pattapu,2025-04-16,20:34:30,-07:00,2025-04-16T20:34:30-07:00,0,27
global.js,33,js,b524f383,Shriya Pattapu,2025-04-16,20:34:30,-07:00,2025-04-16T20:34:30-07:00,0,0
global.js,34,js,605f4a7f,Shriya Pattapu,2025-04-16,20:42:34,-07:00,2025-04-16T20:42:34-07:00,0,0
global.js,35,js,b524f383,Shriya Pattapu,2025-04-16,20:34:30,-07:00,2025-04-16T20:34:30-07:00,0,39
global.js,36,js,b524f383,Shriya Pattapu,2025-04-16,20:34:30,-07:00,2025-04-16T20:34:30-07:00,0,26
global.js,37,js,b524f383,Shriya Pattapu,2025-04-16,20:34:30,-07:00,2025-04-16T20:34:30-07:00,0,0
global.js,38,js,b524f383,Shriya Pattapu,2025-04-16,20:34:30,-07:00,2025-04-16T20:34:30-07:00,0,12
global.js,39,js,95207d28,Shriya Pattapu,2025-05-05,09:56:03,-07:00,2025-05-05T09:56:03-07:00,0,26
global.js,40,js,be2b7625,Shriya Pattapu,2025-05-05,10:04:17,-07:00,2025-05-05T10:04:17-07:00,0,39
global.js,41,js,be2b7625,Shriya Pattapu,2025-05-05,10:04:17,-07:00,2025-05-05T10:04:17-07:00,0,35
global.js,42,js,be2b7625,Shriya Pattapu,2025-05-05,10:04:17,-07:00,2025-05-05T10:04:17-07:00,0,37
global.js,43,js,00000000,Not Committed Yet,2025-05-10,18:55:56,-07:00,2025-05-10T18:55:56-07:00,0,31
global.js,44,js,5d0b7522,Shriya Pattapu,2025-05-05,09:42:25,-07:00,2025-05-05T09:42:25-07:00,0,57
global.js,45,js,b524f383,Shriya Pattapu,2025-04-16,20:34:30,-07:00,2025-04-16T20:34:30-07:00,0,0
global.js,46,js,b524f383,Shriya Pattapu,2025-04-16,20:34:30,-07:00,2025-04-16T20:34:30-07:00,0,89
global.js,47,js,132c1f91,Shriya Pattapu,2025-04-25,20:59:33,-07:00,2025-04-25T20:59:33-07:00,0,11
global.js,48,js,be2b7625,Shriya Pattapu,2025-05-05,10:04:17,-07:00,2025-05-05T10:04:17-07:00,0,31
global.js,49,js,b524f383,Shriya Pattapu,2025-04-16,20:34:30,-07:00,2025-04-16T20:34:30-07:00,0,0
global.js,50,js,b524f383,Shriya Pattapu,2025-04-16,20:34:30,-07:00,2025-04-16T20:34:30-07:00,0,21
global.js,51,js,b524f383,Shriya Pattapu,2025-04-16,20:34:30,-07:00,2025-04-16T20:34:30-07:00,0,15
global.js,52,js,b524f383,Shriya Pattapu,2025-04-16,20:34:30,-07:00,2025-04-16T20:34:30-07:00,0,19
global.js,53,js,b524f383,Shriya Pattapu,2025-04-16,20:34:30,-07:00,2025-04-16T20:34:30-07:00,0,0
global.js,54,js,b524f383,Shriya Pattapu,2025-04-16,20:34:30,-07:00,2025-04-16T20:34:30-07:00,0,53
global.js,55,js,b524f383,Shriya Pattapu,2025-04-16,20:34:30,-07:00,2025-04-16T20:34:30-07:00,0,0
global.js,56,js,b524f383,Shriya Pattapu,2025-04-16,20:34:30,-07:00,2025-04-16T20:34:30-07:00,0,0
global.js,57,js,b524f383,Shriya Pattapu,2025-04-16,20:34:30,-07:00,2025-04-16T20:34:30-07:00,0,35
global.js,58,js,b524f383,Shriya Pattapu,2025-04-16,20:34:30,-07:00,2025-04-16T20:34:30-07:00,0,12
global.js,59,js,b524f383,Shriya Pattapu,2025-04-16,20:34:30,-07:00,2025-04-16T20:34:30-07:00,0,21
global.js,60,js,b524f383,Shriya Pattapu,2025-04-16,20:34:30,-07:00,2025-04-16T20:34:30-07:00,0,13
global.js,61,js,b524f383,Shriya Pattapu,2025-04-16,20:34:30,-07:00,2025-04-16T20:34:30-07:00,0,0
global.js,62,js,b524f383,Shriya Pattapu,2025-04-16,20:34:30,-07:00,2025-04-16T20:34:30-07:00,0,29
global.js,63,js,b524f383,Shriya Pattapu,2025-04-16,20:34:30,-07:00,2025-04-16T20:34:30-07:00,0,19
global.js,64,js,b524f383,Shriya Pattapu,2025-04-16,20:34:30,-07:00,2025-04-16T20:34:30-07:00,0,0
global.js,65,js,b524f383,Shriya Pattapu,2025-04-16,20:34:30,-07:00,2025-04-16T20:34:30-07:00,0,0
global.js,66,js,b524f383,Shriya Pattapu,2025-04-16,20:34:30,-07:00,2025-04-16T20:34:30-07:00,0,18
global.js,67,js,b524f383,Shriya Pattapu,2025-04-16,20:34:30,-07:00,2025-04-16T20:34:30-07:00,0,9
global.js,68,js,b524f383,Shriya Pattapu,2025-04-16,20:34:30,-07:00,2025-04-16T20:34:30-07:00,0,60
global.js,69,js,b524f383,Shriya Pattapu,2025-04-16,20:34:30,-07:00,2025-04-16T20:34:30-07:00,0,1
global.js,70,js,b524f383,Shriya Pattapu,2025-04-16,20:34:30,-07:00,2025-04-16T20:34:30-07:00,0,0
global.js,71,js,b524f383,Shriya Pattapu,2025-04-16,20:34:30,-07:00,2025-04-16T20:34:30-07:00,0,0
global.js,72,js,132c1f91,Shriya Pattapu,2025-04-25,20:59:33,-07:00,2025-04-25T20:59:33-07:00,0,37
global.js,73,js,132c1f91,Shriya Pattapu,2025-04-25,20:59:33,-07:00,2025-04-25T20:59:33-07:00,0,4
global.js,74,js,132c1f91,Shriya Pattapu,2025-04-25,20:59:33,-07:00,2025-04-25T20:59:33-07:00,0,40
global.js,75,js,132c1f91,Shriya Pattapu,2025-04-25,20:59:33,-07:00,2025-04-25T20:59:33-07:00,0,33
global.js,76,js,132c1f91,Shriya Pattapu,2025-04-25,20:59:33,-07:00,2025-04-25T20:59:33-07:00,0,20
global.js,77,js,132c1f91,Shriya Pattapu,2025-04-25,20:59:33,-07:00,2025-04-25T20:59:33-07:00,0,18
global.js,78,js,132c1f91,Shriya Pattapu,2025-04-25,20:59:33,-07:00,2025-04-25T20:59:33-07:00,0,67
global.js,79,js,132c1f91,Shriya Pattapu,2025-04-25,20:59:33,-07:00,2025-04-25T20:59:33-07:00,0,0
global.js,80,js,132c1f91,Shriya Pattapu,2025-04-25,20:59:33,-07:00,2025-04-25T20:59:33-07:00,0,34
global.js,81,js,132c1f91,Shriya Pattapu,2025-04-25,20:59:33,-07:00,2025-04-25T20:59:33-07:00,0,11
global.js,82,js,132c1f91,Shriya Pattapu,2025-04-25,20:59:33,-07:00,2025-04-25T20:59:33-07:00,0,0
global.js,83,js,132c1f91,Shriya Pattapu,2025-04-25,20:59:33,-07:00,2025-04-25T20:59:33-07:00,0,16
global.js,84,js,132c1f91,Shriya Pattapu,2025-04-25,20:59:33,-07:00,2025-04-25T20:59:33-07:00,0,60
global.js,85,js,132c1f91,Shriya Pattapu,2025-04-25,20:59:33,-07:00,2025-04-25T20:59:33-07:00,0,0
global.js,86,js,132c1f91,Shriya Pattapu,2025-04-25,20:59:33,-07:00,2025-04-25T20:59:33-07:00,0,0
global.js,87,js,132c1f91,Shriya Pattapu,2025-04-25,20:59:33,-07:00,2025-04-25T20:59:33-07:00,0,80
global.js,88,js,606cab62,Shriya Pattapu,2025-04-25,23:13:22,-07:00,2025-04-25T23:13:22-07:00,0,89
global.js,89,js,bf64b403,Shriya Pattapu,2025-05-03,00:24:37,-07:00,2025-05-03T00:24:37-07:00,0,11
global.js,90,js,606cab62,Shriya Pattapu,2025-04-25,23:13:22,-07:00,2025-04-25T23:13:22-07:00,0,31
global.js,91,js,132c1f91,Shriya Pattapu,2025-04-25,20:59:33,-07:00,2025-04-25T20:59:33-07:00,0,0
global.js,92,js,bf64b403,Shriya Pattapu,2025-05-03,00:24:37,-07:00,2025-05-03T00:24:37-07:00,0,13
global.js,93,js,bf64b403,Shriya Pattapu,2025-05-03,00:24:37,-07:00,2025-05-03T00:24:37-07:00,0,0
global.js,94,js,132c1f91,Shriya Pattapu,2025-04-25,20:59:33,-07:00,2025-04-25T20:59:33-07:00,0,42
global.js,95,js,bf64b403,Shriya Pattapu,2025-05-03,00:24:37,-07:00,2025-05-03T00:24:37-07:00,0,27
global.js,96,js,bf64b403,Shriya Pattapu,2025-05-03,00:24:37,-07:00,2025-05-03T00:24:37-07:00,0,48
global.js,97,js,bf64b403,Shriya Pattapu,2025-05-03,00:24:37,-07:00,2025-05-03T00:24:37-07:00,0,14
global.js,98,js,bf64b403,Shriya Pattapu,2025-05-03,00:24:37,-07:00,2025-05-03T00:24:37-07:00,0,27
global.js,99,js,bf64b403,Shriya Pattapu,2025-05-03,00:24:37,-07:00,2025-05-03T00:24:37-07:00,0,0
global.js,100,js,bf64b403,Shriya Pattapu,2025-05-03,00:24:37,-07:00,2025-05-03T00:24:37-07:00,0,8
global.js,101,js,bf64b403,Shriya Pattapu,2025-05-03,00:24:37,-07:00,2025-05-03T00:24:37-07:00,0,8
global.js,102,js,bf64b403,Shriya Pattapu,2025-05-03,00:24:37,-07:00,2025-05-03T00:24:37-07:00,0,50
global.js,103,js,bf64b403,Shriya Pattapu,2025-05-03,00:24:37,-07:00,2025-05-03T00:24:37-07:00,0,45
global.js,104,js,bf64b403,Shriya Pattapu,2025-05-03,00:24:37,-07:00,2025-05-03T00:24:37-07:00,0,51
global.js,105,js,bf64b403,Shriya Pattapu,2025-05-03,00:24:37,-07:00,2025-05-03T00:24:37-07:00,0,0
global.js,106,js,bf64b403,Shriya Pattapu,2025-05-03,00:24:37,-07:00,2025-05-03T00:24:37-07:00,0,9
global.js,107,js,bf64b403,Shriya Pattapu,2025-05-03,00:24:37,-07:00,2025-05-03T00:24:37-07:00,0,1
global.js,108,js,132c1f91,Shriya Pattapu,2025-04-25,20:59:33,-07:00,2025-04-25T20:59:33-07:00,0,0
global.js,109,js,bf64b403,Shriya Pattapu,2025-05-03,00:24:37,-07:00,2025-05-03T00:24:37-07:00,0,0
global.js,110,js,bf64b403,Shriya Pattapu,2025-05-03,00:24:37,-07:00,2025-05-03T00:24:37-07:00,0,33
global.js,111,js,132c1f91,Shriya Pattapu,2025-04-25,20:59:33,-07:00,2025-04-25T20:59:33-07:00,0,0
global.js,112,js,e939b711,Shriya Pattapu,2025-04-25,22:27:56,-07:00,2025-04-25T22:27:56-07:00,0,48
global.js,113,js,e939b711,Shriya Pattapu,2025-04-25,22:27:56,-07:00,2025-04-25T22:27:56-07:00,0,60
global.js,114,js,e939b711,Shriya Pattapu,2025-04-25,22:27:56,-07:00,2025-04-25T22:27:56-07:00,0,0
global.js,115,js,e939b711,Shriya Pattapu,2025-04-25,22:27:56,-07:00,2025-04-25T22:27:56-07:00,0,0
global.js,116,js,132c1f91,Shriya Pattapu,2025-04-25,20:59:33,-07:00,2025-04-25T20:59:33-07:00,0,0
resume/index.html,1,html,268bee43,Shriya Pattapu,2025-04-02,21:17:09,-07:00,2025-04-02T21:17:09-07:00,0,14
resume/index.html,2,html,268bee43,Shriya Pattapu,2025-04-02,21:17:09,-07:00,2025-04-02T21:17:09-07:00,0,15
resume/index.html,3,html,268bee43,Shriya Pattapu,2025-04-02,21:17:09,-07:00,2025-04-02T21:17:09-07:00,0,5
resume/index.html,4,html,268bee43,Shriya Pattapu,2025-04-02,21:17:09,-07:00,2025-04-02T21:17:09-07:00,0,21
resume/index.html,5,html,268bee43,Shriya Pattapu,2025-04-02,21:17:09,-07:00,2025-04-02T21:17:09-07:00,0,69
resume/index.html,6,html,9c566a34,Shriya Pattapu,2025-04-02,21:44:31,-07:00,2025-04-02T21:44:31-07:00,0,20
resume/index.html,7,html,b524f383,Shriya Pattapu,2025-04-16,20:34:30,-07:00,2025-04-16T20:34:30-07:00,0,49
resume/index.html,8,html,9c566a34,Shriya Pattapu,2025-04-02,21:44:31,-07:00,2025-04-02T21:44:31-07:00,0,42
resume/index.html,9,html,268bee43,Shriya Pattapu,2025-04-02,21:17:09,-07:00,2025-04-02T21:17:09-07:00,0,6
resume/index.html,10,html,268bee43,Shriya Pattapu,2025-04-02,21:17:09,-07:00,2025-04-02T21:17:09-07:00,0,5
resume/index.html,11,html,b524f383,Shriya Pattapu,2025-04-16,20:34:30,-07:00,2025-04-16T20:34:30-07:00,0,0
resume/index.html,12,html,268bee43,Shriya Pattapu,2025-04-02,21:17:09,-07:00,2025-04-02T21:17:09-07:00,0,24
resume/index.html,13,html,96db125e,Shriya Pattapu,2025-04-10,23:19:48,-07:00,2025-04-10T23:19:48-07:00,0,131
resume/index.html,14,html,268bee43,Shriya Pattapu,2025-04-02,21:17:09,-07:00,2025-04-02T21:17:09-07:00,0,23
resume/index.html,15,html,96db125e,Shriya Pattapu,2025-04-10,23:19:48,-07:00,2025-04-10T23:19:48-07:00,0,17
resume/index.html,16,html,96db125e,Shriya Pattapu,2025-04-10,23:19:48,-07:00,2025-04-10T23:19:48-07:00,0,85
resume/index.html,17,html,96db125e,Shriya Pattapu,2025-04-10,23:19:48,-07:00,2025-04-10T23:19:48-07:00,0,25
resume/index.html,18,html,96db125e,Shriya Pattapu,2025-04-10,23:19:48,-07:00,2025-04-10T23:19:48-07:00,0,46
resume/index.html,19,html,96db125e,Shriya Pattapu,2025-04-10,23:19:48,-07:00,2025-04-10T23:19:48-07:00,0,90
resume/index.html,20,html,96db125e,Shriya Pattapu,2025-04-10,23:19:48,-07:00,2025-04-10T23:19:48-07:00,0,3
resume/index.html,21,html,96db125e,Shriya Pattapu,2025-04-10,23:19:48,-07:00,2025-04-10T23:19:48-07:00,0,118
resume/index.html,22,html,96db125e,Shriya Pattapu,2025-04-10,23:19:48,-07:00,2025-04-10T23:19:48-07:00,0,67
resume/index.html,23,html,96db125e,Shriya Pattapu,2025-04-10,23:19:48,-07:00,2025-04-10T23:19:48-07:00,0,117
resume/index.html,24,html,96db125e,Shriya Pattapu,2025-04-10,23:19:48,-07:00,2025-04-10T23:19:48-07:00,0,114
resume/index.html,25,html,96db125e,Shriya Pattapu,2025-04-10,23:19:48,-07:00,2025-04-10T23:19:48-07:00,0,41
resume/index.html,26,html,96db125e,Shriya Pattapu,2025-04-10,23:19:48,-07:00,2025-04-10T23:19:48-07:00,0,115
resume/index.html,27,html,96db125e,Shriya Pattapu,2025-04-10,23:19:48,-07:00,2025-04-10T23:19:48-07:00,0,80
resume/index.html,28,html,96db125e,Shriya Pattapu,2025-04-10,23:19:48,-07:00,2025-04-10T23:19:48-07:00,0,4
resume/index.html,29,html,96db125e,Shriya Pattapu,2025-04-10,23:19:48,-07:00,2025-04-10T23:19:48-07:00,0,5
resume/index.html,30,html,96db125e,Shriya Pattapu,2025-04-10,23:19:48,-07:00,2025-04-10T23:19:48-07:00,0,5
resume/index.html,31,html,268bee43,Shriya Pattapu,2025-04-02,21:17:09,-07:00,2025-04-02T21:17:09-07:00,0,16
resume/index.html,32,html,96db125e,Shriya Pattapu,2025-04-10,23:19:48,-07:00,2025-04-10T23:19:48-07:00,0,17
resume/index.html,33,html,96db125e,Shriya Pattapu,2025-04-10,23:19:48,-07:00,2025-04-10T23:19:48-07:00,0,79
resume/index.html,34,html,96db125e,Shriya Pattapu,2025-04-10,23:19:48,-07:00,2025-04-10T23:19:48-07:00,0,25
resume/index.html,35,html,a0f83949,Shriya Pattapu,2025-05-05,09:26:46,-07:00,2025-05-05T09:26:46-07:00,0,116
resume/index.html,36,html,96db125e,Shriya Pattapu,2025-04-10,23:19:48,-07:00,2025-04-10T23:19:48-07:00,0,63
resume/index.html,37,html,96db125e,Shriya Pattapu,2025-04-10,23:19:48,-07:00,2025-04-10T23:19:48-07:00,0,92
resume/index.html,38,html,96db125e,Shriya Pattapu,2025-04-10,23:19:48,-07:00,2025-04-10T23:19:48-07:00,0,24
resume/index.html,39,html,96db125e,Shriya Pattapu,2025-04-10,23:19:48,-07:00,2025-04-10T23:19:48-07:00,0,3
resume/index.html,40,html,96db125e,Shriya Pattapu,2025-04-10,23:19:48,-07:00,2025-04-10T23:19:48-07:00,0,114
resume/index.html,41,html,96db125e,Shriya Pattapu,2025-04-10,23:19:48,-07:00,2025-04-10T23:19:48-07:00,0,71
resume/index.html,42,html,96db125e,Shriya Pattapu,2025-04-10,23:19:48,-07:00,2025-04-10T23:19:48-07:00,0,135
resume/index.html,43,html,96db125e,Shriya Pattapu,2025-04-10,23:19:48,-07:00,2025-04-10T23:19:48-07:00,0,34
resume/index.html,44,html,96db125e,Shriya Pattapu,2025-04-10,23:19:48,-07:00,2025-04-10T23:19:48-07:00,0,115
resume/index.html,45,html,96db125e,Shriya Pattapu,2025-04-10,23:19:48,-07:00,2025-04-10T23:19:48-07:00,0,71
resume/index.html,46,html,96db125e,Shriya Pattapu,2025-04-10,23:19:48,-07:00,2025-04-10T23:19:48-07:00,0,4
resume/index.html,47,html,96db125e,Shriya Pattapu,2025-04-10,23:19:48,-07:00,2025-04-10T23:19:48-07:00,0,5
resume/index.html,48,html,96db125e,Shriya Pattapu,2025-04-10,23:19:48,-07:00,2025-04-10T23:19:48-07:00,0,5
resume/index.html,49,html,268bee43,Shriya Pattapu,2025-04-02,21:17:09,-07:00,2025-04-02T21:17:09-07:00,0,14
resume/index.html,50,html,268bee43,Shriya Pattapu,2025-04-02,21:17:09,-07:00,2025-04-02T21:17:09-07:00,0,16
resume/index.html,51,html,268bee43,Shriya Pattapu,2025-04-02,21:17:09,-07:00,2025-04-02T21:17:09-07:00,0,101
resume/index.html,52,html,268bee43,Shriya Pattapu,2025-04-02,21:17:09,-07:00,2025-04-02T21:17:09-07:00,0,14
resume/index.html,53,html,268bee43,Shriya Pattapu,2025-04-02,21:17:09,-07:00,2025-04-02T21:17:09-07:00,0,120
resume/index.html,54,html,268bee43,Shriya Pattapu,2025-04-02,21:17:09,-07:00,2025-04-02T21:17:09-07:00,0,17
resume/index.html,55,html,268bee43,Shriya Pattapu,2025-04-02,21:17:09,-07:00,2025-04-02T21:17:09-07:00,0,39
resume/index.html,56,html,9c566a34,Shriya Pattapu,2025-04-02,21:44:31,-07:00,2025-04-02T21:44:31-07:00,0,6
resume/index.html,57,html,268bee43,Shriya Pattapu,2025-04-02,21:17:09,-07:00,2025-04-02T21:17:09-07:00,0,6
projects/projects.js,1,js,132c1f91,Shriya Pattapu,2025-04-25,20:59:33,-07:00,2025-04-25T20:59:33-07:00,0,56
projects/projects.js,2,js,bf64b403,Shriya Pattapu,2025-05-03,00:24:37,-07:00,2025-05-03T00:24:37-07:00,0,64
projects/projects.js,3,js,075769ba,Shriya Pattapu,2025-04-25,21:27:02,-07:00,2025-04-25T21:27:02-07:00,0,0
projects/projects.js,4,js,075769ba,Shriya Pattapu,2025-04-25,21:27:02,-07:00,2025-04-25T21:27:02-07:00,0,0
projects/projects.js,5,js,132c1f91,Shriya Pattapu,2025-04-25,20:59:33,-07:00,2025-04-25T20:59:33-07:00,0,61
projects/projects.js,6,js,e939b711,Shriya Pattapu,2025-04-25,22:27:56,-07:00,2025-04-25T22:27:56-07:00,0,62
projects/projects.js,7,js,bf64b403,Shriya Pattapu,2025-05-03,00:24:37,-07:00,2025-05-03T00:24:37-07:00,0,54
projects/projects.js,8,js,132c1f91,Shriya Pattapu,2025-04-25,20:59:33,-07:00,2025-04-25T20:59:33-07:00,0,0
projects/projects.js,9,js,bf64b403,Shriya Pattapu,2025-05-03,00:24:37,-07:00,2025-05-03T00:24:37-07:00,0,22
projects/projects.js,10,js,bf64b403,Shriya Pattapu,2025-05-03,00:24:37,-07:00,2025-05-03T00:24:37-07:00,0,14
projects/projects.js,11,js,bf64b403,Shriya Pattapu,2025-05-03,00:24:37,-07:00,2025-05-03T00:24:37-07:00,0,48
projects/projects.js,12,js,bf64b403,Shriya Pattapu,2025-05-03,00:24:37,-07:00,2025-05-03T00:24:37-07:00,0,13
projects/projects.js,13,js,132c1f91,Shriya Pattapu,2025-04-25,20:59:33,-07:00,2025-04-25T20:59:33-07:00,0,0
projects/projects.js,14,js,bf64b403,Shriya Pattapu,2025-05-03,00:24:37,-07:00,2025-05-03T00:24:37-07:00,0,54
projects/projects.js,15,js,bf64b403,Shriya Pattapu,2025-05-03,00:24:37,-07:00,2025-05-03T00:24:37-07:00,0,37
projects/projects.js,16,js,7a9d6ce2,Shriya Pattapu,2025-04-25,21:29:48,-07:00,2025-04-25T21:29:48-07:00,0,49
projects/projects.js,17,js,bf64b403,Shriya Pattapu,2025-05-03,00:24:37,-07:00,2025-05-03T00:24:37-07:00,0,0
projects/projects.js,18,js,bf64b403,Shriya Pattapu,2025-05-03,00:24:37,-07:00,2025-05-03T00:24:37-07:00,0,9
projects/projects.js,19,js,bf64b403,Shriya Pattapu,2025-05-03,00:24:37,-07:00,2025-05-03T00:24:37-07:00,0,31
projects/projects.js,20,js,bf64b403,Shriya Pattapu,2025-05-03,00:24:37,-07:00,2025-05-03T00:24:37-07:00,0,28
projects/projects.js,21,js,bf64b403,Shriya Pattapu,2025-05-03,00:24:37,-07:00,2025-05-03T00:24:37-07:00,0,0
projects/projects.js,22,js,bf64b403,Shriya Pattapu,2025-05-03,00:24:37,-07:00,2025-05-03T00:24:37-07:00,0,49
projects/projects.js,23,js,bf64b403,Shriya Pattapu,2025-05-03,00:24:37,-07:00,2025-05-03T00:24:37-07:00,0,54
projects/projects.js,24,js,bf64b403,Shriya Pattapu,2025-05-03,00:24:37,-07:00,2025-05-03T00:24:37-07:00,0,64
projects/projects.js,25,js,bf64b403,Shriya Pattapu,2025-05-03,00:24:37,-07:00,2025-05-03T00:24:37-07:00,0,0
projects/projects.js,26,js,bf64b403,Shriya Pattapu,2025-05-03,00:24:37,-07:00,2025-05-03T00:24:37-07:00,0,0
projects/projects.js,27,js,bf64b403,Shriya Pattapu,2025-05-03,00:24:37,-07:00,2025-05-03T00:24:37-07:00,0,25
projects/projects.js,28,js,bf64b403,Shriya Pattapu,2025-05-03,00:24:37,-07:00,2025-05-03T00:24:37-07:00,0,29
projects/projects.js,29,js,bf64b403,Shriya Pattapu,2025-05-03,00:24:37,-07:00,2025-05-03T00:24:37-07:00,0,30
projects/projects.js,30,js,bf64b403,Shriya Pattapu,2025-05-03,00:24:37,-07:00,2025-05-03T00:24:37-07:00,0,52
projects/projects.js,31,js,bf64b403,Shriya Pattapu,2025-05-03,00:24:37,-07:00,2025-05-03T00:24:37-07:00,0,1
projects/projects.js,32,js,bf64b403,Shriya Pattapu,2025-05-03,00:24:37,-07:00,2025-05-03T00:24:37-07:00,0,0
projects/projects.js,33,js,bf64b403,Shriya Pattapu,2025-05-03,00:24:37,-07:00,2025-05-03T00:24:37-07:00,0,0
projects/projects.js,34,js,bf64b403,Shriya Pattapu,2025-05-03,00:24:37,-07:00,2025-05-03T00:24:37-07:00,0,15
projects/projects.js,35,js,bf64b403,Shriya Pattapu,2025-05-03,00:24:37,-07:00,2025-05-03T00:24:37-07:00,0,0
projects/projects.js,36,js,bf64b403,Shriya Pattapu,2025-05-03,00:24:37,-07:00,2025-05-03T00:24:37-07:00,0,0
projects/projects.js,37,js,bf64b403,Shriya Pattapu,2025-05-03,00:24:37,-07:00,2025-05-03T00:24:37-07:00,0,0
projects/projects.js,38,js,bf64b403,Shriya Pattapu,2025-05-03,00:24:37,-07:00,2025-05-03T00:24:37-07:00,0,41
projects/projects.js,39,js,bf64b403,Shriya Pattapu,2025-05-03,00:24:37,-07:00,2025-05-03T00:24:37-07:00,0,39
projects/projects.js,40,js,bf64b403,Shriya Pattapu,2025-05-03,00:24:37,-07:00,2025-05-03T00:24:37-07:00,0,26
projects/projects.js,41,js,bf64b403,Shriya Pattapu,2025-05-03,00:24:37,-07:00,2025-05-03T00:24:37-07:00,0,33
projects/projects.js,42,js,bf64b403,Shriya Pattapu,2025-05-03,00:24:37,-07:00,2025-05-03T00:24:37-07:00,0,30
projects/projects.js,43,js,bf64b403,Shriya Pattapu,2025-05-03,00:24:37,-07:00,2025-05-03T00:24:37-07:00,0,30
projects/projects.js,44,js,bf64b403,Shriya Pattapu,2025-05-03,00:24:37,-07:00,2025-05-03T00:24:37-07:00,0,26
projects/projects.js,45,js,bf64b403,Shriya Pattapu,2025-05-03,00:24:37,-07:00,2025-05-03T00:24:37-07:00,0,27
projects/projects.js,46,js,bf64b403,Shriya Pattapu,2025-05-03,00:24:37,-07:00,2025-05-03T00:24:37-07:00,0,8
projects/projects.js,47,js,bf64b403,Shriya Pattapu,2025-05-03,00:24:37,-07:00,2025-05-03T00:24:37-07:00,0,15
projects/projects.js,48,js,bf64b403,Shriya Pattapu,2025-05-03,00:24:37,-07:00,2025-05-03T00:24:37-07:00,0,13
projects/projects.js,49,js,bf64b403,Shriya Pattapu,2025-05-03,00:24:37,-07:00,2025-05-03T00:24:37-07:00,0,1
projects/projects.js,50,js,bf64b403,Shriya Pattapu,2025-05-03,00:24:37,-07:00,2025-05-03T00:24:37-07:00,0,42
projects/projects.js,51,js,bf64b403,Shriya Pattapu,2025-05-03,00:24:37,-07:00,2025-05-03T00:24:37-07:00,0,19
projects/projects.js,52,js,bf64b403,Shriya Pattapu,2025-05-03,00:24:37,-07:00,2025-05-03T00:24:37-07:00,0,11
projects/projects.js,53,js,bf64b403,Shriya Pattapu,2025-05-03,00:24:37,-07:00,2025-05-03T00:24:37-07:00,0,3
projects/projects.js,54,js,bf64b403,Shriya Pattapu,2025-05-03,00:24:37,-07:00,2025-05-03T00:24:37-07:00,0,58
projects/projects.js,55,js,bf64b403,Shriya Pattapu,2025-05-03,00:24:37,-07:00,2025-05-03T00:24:37-07:00,0,51
projects/projects.js,56,js,bf64b403,Shriya Pattapu,2025-05-03,00:24:37,-07:00,2025-05-03T00:24:37-07:00,0,34
projects/projects.js,57,js,bf64b403,Shriya Pattapu,2025-05-03,00:24:37,-07:00,2025-05-03T00:24:37-07:00,0,46
projects/projects.js,58,js,bf64b403,Shriya Pattapu,2025-05-03,00:24:37,-07:00,2025-05-03T00:24:37-07:00,0,0
projects/projects.js,59,js,bf64b403,Shriya Pattapu,2025-05-03,00:24:37,-07:00,2025-05-03T00:24:37-07:00,0,25
projects/projects.js,60,js,bf64b403,Shriya Pattapu,2025-05-03,00:24:37,-07:00,2025-05-03T00:24:37-07:00,0,17
projects/projects.js,61,js,bf64b403,Shriya Pattapu,2025-05-03,00:24:37,-07:00,2025-05-03T00:24:37-07:00,0,14
projects/projects.js,62,js,bf64b403,Shriya Pattapu,2025-05-03,00:24:37,-07:00,2025-05-03T00:24:37-07:00,0,52
projects/projects.js,63,js,bf64b403,Shriya Pattapu,2025-05-03,00:24:37,-07:00,2025-05-03T00:24:37-07:00,0,66
projects/projects.js,64,js,bf64b403,Shriya Pattapu,2025-05-03,00:24:37,-07:00,2025-05-03T00:24:37-07:00,0,19
projects/projects.js,65,js,bf64b403,Shriya Pattapu,2025-05-03,00:24:37,-07:00,2025-05-03T00:24:37-07:00,0,44
projects/projects.js,66,js,bf64b403,Shriya Pattapu,2025-05-03,00:24:37,-07:00,2025-05-03T00:24:37-07:00,0,36
projects/projects.js,67,js,bf64b403,Shriya Pattapu,2025-05-03,00:24:37,-07:00,2025-05-03T00:24:37-07:00,0,49
projects/projects.js,68,js,bf64b403,Shriya Pattapu,2025-05-03,00:24:37,-07:00,2025-05-03T00:24:37-07:00,0,24
projects/projects.js,69,js,bf64b403,Shriya Pattapu,2025-05-03,00:24:37,-07:00,2025-05-03T00:24:37-07:00,0,2
projects/projects.js,70,js,bf64b403,Shriya Pattapu,2025-05-03,00:24:37,-07:00,2025-05-03T00:24:37-07:00,0,2
projects/projects.js,71,js,bf64b403,Shriya Pattapu,2025-05-03,00:24:37,-07:00,2025-05-03T00:24:37-07:00,0,23
projects/projects.js,72,js,bf64b403,Shriya Pattapu,2025-05-03,00:24:37,-07:00,2025-05-03T00:24:37-07:00,0,18
projects/projects.js,73,js,bf64b403,Shriya Pattapu,2025-05-03,00:24:37,-07:00,2025-05-03T00:24:37-07:00,0,71
projects/projects.js,74,js,bf64b403,Shriya Pattapu,2025-05-03,00:24:37,-07:00,2025-05-03T00:24:37-07:00,0,66
projects/projects.js,75,js,bf64b403,Shriya Pattapu,2025-05-03,00:24:37,-07:00,2025-05-03T00:24:37-07:00,0,69
projects/projects.js,76,js,bf64b403,Shriya Pattapu,2025-05-03,00:24:37,-07:00,2025-05-03T00:24:37-07:00,0,19
projects/projects.js,77,js,bf64b403,Shriya Pattapu,2025-05-03,00:24:37,-07:00,2025-05-03T00:24:37-07:00,0,44
projects/projects.js,78,js,bf64b403,Shriya Pattapu,2025-05-03,00:24:37,-07:00,2025-05-03T00:24:37-07:00,0,36
projects/projects.js,79,js,bf64b403,Shriya Pattapu,2025-05-03,00:24:37,-07:00,2025-05-03T00:24:37-07:00,0,49
projects/projects.js,80,js,bf64b403,Shriya Pattapu,2025-05-03,00:24:37,-07:00,2025-05-03T00:24:37-07:00,0,24
projects/projects.js,81,js,bf64b403,Shriya Pattapu,2025-05-03,00:24:37,-07:00,2025-05-03T00:24:37-07:00,0,2
projects/projects.js,82,js,bf64b403,Shriya Pattapu,2025-05-03,00:24:37,-07:00,2025-05-03T00:24:37-07:00,0,2
projects/projects.js,83,js,bf64b403,Shriya Pattapu,2025-05-03,00:24:37,-07:00,2025-05-03T00:24:37-07:00,0,0
projects/projects.js,84,js,bf64b403,Shriya Pattapu,2025-05-03,00:24:37,-07:00,2025-05-03T00:24:37-07:00,0,0
projects/projects.js,85,js,bf64b403,Shriya Pattapu,2025-05-03,00:24:37,-07:00,2025-05-03T00:24:37-07:00,0,49
projects/projects.js,86,js,bf64b403,Shriya Pattapu,2025-05-03,00:24:37,-07:00,2025-05-03T00:24:37-07:00,0,26
projects/projects.js,87,js,bf64b403,Shriya Pattapu,2025-05-03,00:24:37,-07:00,2025-05-03T00:24:37-07:00,0,36
projects/projects.js,88,js,bf64b403,Shriya Pattapu,2025-05-03,00:24:37,-07:00,2025-05-03T00:24:37-07:00,0,49
projects/projects.js,89,js,bf64b403,Shriya Pattapu,2025-05-03,00:24:37,-07:00,2025-05-03T00:24:37-07:00,0,24
projects/projects.js,90,js,bf64b403,Shriya Pattapu,2025-05-03,00:24:37,-07:00,2025-05-03T00:24:37-07:00,0,2
projects/projects.js,91,js,bf64b403,Shriya Pattapu,2025-05-03,00:24:37,-07:00,2025-05-03T00:24:37-07:00,0,0
projects/projects.js,92,js,bf64b403,Shriya Pattapu,2025-05-03,00:24:37,-07:00,2025-05-03T00:24:37-07:00,0,49
projects/projects.js,93,js,bf64b403,Shriya Pattapu,2025-05-03,00:24:37,-07:00,2025-05-03T00:24:37-07:00,0,24
projects/index.html,1,html,e8dd3230,Shriya Pattapu,2025-04-02,20:28:03,-07:00,2025-04-02T20:28:03-07:00,0,14
projects/index.html,2,html,e8dd3230,Shriya Pattapu,2025-04-02,20:28:03,-07:00,2025-04-02T20:28:03-07:00,0,15
projects/index.html,3,html,e8dd3230,Shriya Pattapu,2025-04-02,20:28:03,-07:00,2025-04-02T20:28:03-07:00,0,5
projects/index.html,4,html,e8dd3230,Shriya Pattapu,2025-04-02,20:28:03,-07:00,2025-04-02T20:28:03-07:00,0,21
projects/index.html,5,html,e8dd3230,Shriya Pattapu,2025-04-02,20:28:03,-07:00,2025-04-02T20:28:03-07:00,0,69
projects/index.html,6,html,e0a5d793,Shriya Pattapu,2025-04-25,21:18:09,-07:00,2025-04-25T21:18:09-07:00,0,22
projects/index.html,7,html,9c566a34,Shriya Pattapu,2025-04-02,21:44:31,-07:00,2025-04-02T21:44:31-07:00,0,42
projects/index.html,8,html,e8dd3230,Shriya Pattapu,2025-04-02,20:28:03,-07:00,2025-04-02T20:28:03-07:00,0,6
projects/index.html,9,html,e8dd3230,Shriya Pattapu,2025-04-02,20:28:03,-07:00,2025-04-02T20:28:03-07:00,0,5
projects/index.html,10,html,e939b711,Shriya Pattapu,2025-04-25,22:27:56,-07:00,2025-04-25T22:27:56-07:00,0,39
projects/index.html,11,html,bf64b403,Shriya Pattapu,2025-05-03,00:24:37,-07:00,2025-05-03T00:24:37-07:00,0,22
projects/index.html,12,html,bf64b403,Shriya Pattapu,2025-05-03,00:24:37,-07:00,2025-05-03T00:24:37-07:00,0,129
projects/index.html,13,html,bf64b403,Shriya Pattapu,2025-05-03,00:24:37,-07:00,2025-05-03T00:24:37-07:00,0,23
projects/index.html,14,html,bf64b403,Shriya Pattapu,2025-05-03,00:24:37,-07:00,2025-05-03T00:24:37-07:00,0,5
projects/index.html,15,html,bf64b403,Shriya Pattapu,2025-05-03,00:24:37,-07:00,2025-05-03T00:24:37-07:00,0,99
projects/index.html,16,html,bf64b403,Shriya Pattapu,2025-05-03,00:24:37,-07:00,2025-05-03T00:24:37-07:00,0,0
projects/index.html,17,html,e0a5d793,Shriya Pattapu,2025-04-25,21:18:09,-07:00,2025-04-25T21:18:09-07:00,0,45
projects/index.html,18,html,bf64b403,Shriya Pattapu,2025-05-03,00:24:37,-07:00,2025-05-03T00:24:37-07:00,0,57
projects/index.html,19,html,e0a5d793,Shriya Pattapu,2025-04-25,21:18:09,-07:00,2025-04-25T21:18:09-07:00,0,5
projects/index.html,20,html,e0a5d793,Shriya Pattapu,2025-04-25,21:18:09,-07:00,2025-04-25T21:18:09-07:00,0,0
projects/index.html,21,html,e0a5d793,Shriya Pattapu,2025-04-25,21:18:09,-07:00,2025-04-25T21:18:09-07:00,0,41
projects/index.html,22,html,e0a5d793,Shriya Pattapu,2025-04-25,21:18:09,-07:00,2025-04-25T21:18:09-07:00,0,49
projects/index.html,23,html,e0a5d793,Shriya Pattapu,2025-04-25,21:18:09,-07:00,2025-04-25T21:18:09-07:00,0,48
projects/index.html,24,html,e0a5d793,Shriya Pattapu,2025-04-25,21:18:09,-07:00,2025-04-25T21:18:09-07:00,0,0
projects/index.html,25,html,e8dd3230,Shriya Pattapu,2025-04-02,20:28:03,-07:00,2025-04-02T20:28:03-07:00,0,6
projects/index.html,26,html,e0a5d793,Shriya Pattapu,2025-04-25,21:18:09,-07:00,2025-04-25T21:18:09-07:00,0,6
contact/index.html,1,html,0ee20c58,Shriya Pattapu,2025-04-02,20:02:19,-07:00,2025-04-02T20:02:19-07:00,0,14
contact/index.html,2,html,0ee20c58,Shriya Pattapu,2025-04-02,20:02:19,-07:00,2025-04-02T20:02:19-07:00,0,15
contact/index.html,3,html,0ee20c58,Shriya Pattapu,2025-04-02,20:02:19,-07:00,2025-04-02T20:02:19-07:00,0,5
contact/index.html,4,html,0ee20c58,Shriya Pattapu,2025-04-02,20:02:19,-07:00,2025-04-02T20:02:19-07:00,0,21
contact/index.html,5,html,0ee20c58,Shriya Pattapu,2025-04-02,20:02:19,-07:00,2025-04-02T20:02:19-07:00,0,69
contact/index.html,6,html,0ee20c58,Shriya Pattapu,2025-04-02,20:02:19,-07:00,2025-04-02T20:02:19-07:00,0,21
contact/index.html,7,html,f08d3d83,Shriya Pattapu,2025-04-16,18:33:07,-07:00,2025-04-16T18:33:07-07:00,0,49
contact/index.html,8,html,f08d3d83,Shriya Pattapu,2025-04-16,18:33:07,-07:00,2025-04-16T18:33:07-07:00,0,0
contact/index.html,9,html,9c566a34,Shriya Pattapu,2025-04-02,21:44:31,-07:00,2025-04-02T21:44:31-07:00,0,42
contact/index.html,10,html,0ee20c58,Shriya Pattapu,2025-04-02,20:02:19,-07:00,2025-04-02T20:02:19-07:00,0,6
contact/index.html,11,html,9c566a34,Shriya Pattapu,2025-04-02,21:44:31,-07:00,2025-04-02T21:44:31-07:00,0,7
contact/index.html,12,html,96db125e,Shriya Pattapu,2025-04-10,23:19:48,-07:00,2025-04-10T23:19:48-07:00,0,18
contact/index.html,13,html,0ee20c58,Shriya Pattapu,2025-04-02,20:02:19,-07:00,2025-04-02T20:02:19-07:00,0,5
contact/index.html,14,html,0ee20c58,Shriya Pattapu,2025-04-02,20:02:19,-07:00,2025-04-02T20:02:19-07:00,0,74
contact/index.html,15,html,0ee20c58,Shriya Pattapu,2025-04-02,20:02:19,-07:00,2025-04-02T20:02:19-07:00,0,6
contact/index.html,16,html,0ee20c58,Shriya Pattapu,2025-04-02,20:02:19,-07:00,2025-04-02T20:02:19-07:00,0,5
contact/index.html,17,html,0ee20c58,Shriya Pattapu,2025-04-02,20:02:19,-07:00,2025-04-02T20:02:19-07:00,0,32
contact/index.html,18,html,0ee20c58,Shriya Pattapu,2025-04-02,20:02:19,-07:00,2025-04-02T20:02:19-07:00,0,7
contact/index.html,19,html,0ee20c58,Shriya Pattapu,2025-04-02,20:02:19,-07:00,2025-04-02T20:02:19-07:00,0,6
contact/index.html,20,html,0ee20c58,Shriya Pattapu,2025-04-02,20:02:19,-07:00,2025-04-02T20:02:19-07:00,0,7
contact/index.html,21,html,0ee20c58,Shriya Pattapu,2025-04-02,20:02:19,-07:00,2025-04-02T20:02:19-07:00,0,21
contact/index.html,22,html,0ee20c58,Shriya Pattapu,2025-04-02,20:02:19,-07:00,2025-04-02T20:02:19-07:00,0,7
contact/index.html,23,html,0ee20c58,Shriya Pattapu,2025-04-02,20:02:19,-07:00,2025-04-02T20:02:19-07:00,0,6
contact/index.html,24,html,0ee20c58,Shriya Pattapu,2025-04-02,20:02:19,-07:00,2025-04-02T20:02:19-07:00,0,4
contact/index.html,25,html,96db125e,Shriya Pattapu,2025-04-10,23:19:48,-07:00,2025-04-10T23:19:48-07:00,0,35
contact/index.html,26,html,0ee20c58,Shriya Pattapu,2025-04-02,20:02:19,-07:00,2025-04-02T20:02:19-07:00,0,7
contact/index.html,27,html,96db125e,Shriya Pattapu,2025-04-10,23:19:48,-07:00,2025-04-10T23:19:48-07:00,0,22
contact/index.html,28,html,0ee20c58,Shriya Pattapu,2025-04-02,20:02:19,-07:00,2025-04-02T20:02:19-07:00,0,6
contact/index.html,29,html,0ee20c58,Shriya Pattapu,2025-04-02,20:02:19,-07:00,2025-04-02T20:02:19-07:00,0,6
contact/index.html,30,html,0ee20c58,Shriya Pattapu,2025-04-02,20:02:19,-07:00,2025-04-02T20:02:19-07:00,0,6
